Country,liveType,City,tourCount,month,population
嘉義縣,觀光飯店,阿里山鄉,國內旅客,2016-Jan,733
嘉義縣,觀光飯店,阿里山鄉,國內旅客,2016-Feb,853
嘉義縣,觀光飯店,阿里山鄉,國內旅客,2016-Mar,1012
嘉義縣,觀光飯店,阿里山鄉,國內旅客,2016-Apr,1305
嘉義縣,觀光飯店,阿里山鄉,國內旅客,2016-May,880
嘉義縣,觀光飯店,阿里山鄉,國內旅客,2016-Jun,969
嘉義縣,觀光飯店,阿里山鄉,國內旅客,2016-Jul,1347
嘉義縣,觀光飯店,阿里山鄉,國內旅客,2016-Aug,1224
嘉義縣,觀光飯店,阿里山鄉,國內旅客,2016-Sep,709
嘉義縣,觀光飯店,阿里山鄉,國內旅客,2016-Oct,815
嘉義縣,觀光飯店,阿里山鄉,國內旅客,2016-Nov,835
嘉義縣,觀光飯店,阿里山鄉,國內旅客,2016-Dec,0
嘉義縣,觀光飯店,阿里山鄉,陸客(含港澳),2016-Jan,174
嘉義縣,觀光飯店,阿里山鄉,陸客(含港澳),2016-Feb,233
嘉義縣,觀光飯店,阿里山鄉,陸客(含港澳),2016-Mar,122
嘉義縣,觀光飯店,阿里山鄉,陸客(含港澳),2016-Apr,78
嘉義縣,觀光飯店,阿里山鄉,陸客(含港澳),2016-May,135
嘉義縣,觀光飯店,阿里山鄉,陸客(含港澳),2016-Jun,114
嘉義縣,觀光飯店,阿里山鄉,陸客(含港澳),2016-Jul,135
嘉義縣,觀光飯店,阿里山鄉,陸客(含港澳),2016-Aug,137
嘉義縣,觀光飯店,阿里山鄉,陸客(含港澳),2016-Sep,65
嘉義縣,觀光飯店,阿里山鄉,陸客(含港澳),2016-Oct,102
嘉義縣,觀光飯店,阿里山鄉,陸客(含港澳),2016-Nov,54
嘉義縣,觀光飯店,阿里山鄉,陸客(含港澳),2016-Dec,0
嘉義縣,觀光飯店,阿里山鄉,外籍旅客,2016-Jan,119
嘉義縣,觀光飯店,阿里山鄉,外籍旅客,2016-Feb,84
嘉義縣,觀光飯店,阿里山鄉,外籍旅客,2016-Mar,142
嘉義縣,觀光飯店,阿里山鄉,外籍旅客,2016-Apr,57
嘉義縣,觀光飯店,阿里山鄉,外籍旅客,2016-May,115
嘉義縣,觀光飯店,阿里山鄉,外籍旅客,2016-Jun,87
嘉義縣,觀光飯店,阿里山鄉,外籍旅客,2016-Jul,89
嘉義縣,觀光飯店,阿里山鄉,外籍旅客,2016-Aug,149
嘉義縣,觀光飯店,阿里山鄉,外籍旅客,2016-Sep,90
嘉義縣,觀光飯店,阿里山鄉,外籍旅客,2016-Oct,110
嘉義縣,觀光飯店,阿里山鄉,外籍旅客,2016-Nov,200
嘉義縣,觀光飯店,阿里山鄉,外籍旅客,2016-Dec,0
嘉義縣,觀光飯店,阿里山鄉,個別,2016-Jan,718
嘉義縣,觀光飯店,阿里山鄉,個別,2016-Feb,819
嘉義縣,觀光飯店,阿里山鄉,個別,2016-Mar,893
嘉義縣,觀光飯店,阿里山鄉,個別,2016-Apr,836
嘉義縣,觀光飯店,阿里山鄉,個別,2016-May,791
嘉義縣,觀光飯店,阿里山鄉,個別,2016-Jun,819
嘉義縣,觀光飯店,阿里山鄉,個別,2016-Jul,1100
嘉義縣,觀光飯店,阿里山鄉,個別,2016-Aug,1057
嘉義縣,觀光飯店,阿里山鄉,個別,2016-Sep,605
嘉義縣,觀光飯店,阿里山鄉,個別,2016-Oct,719
嘉義縣,觀光飯店,阿里山鄉,個別,2016-Nov,762
嘉義縣,觀光飯店,阿里山鄉,個別,2016-Dec,0
嘉義縣,觀光飯店,阿里山鄉,團體,2016-Jan,308
嘉義縣,觀光飯店,阿里山鄉,團體,2016-Feb,351
嘉義縣,觀光飯店,阿里山鄉,團體,2016-Mar,383
嘉義縣,觀光飯店,阿里山鄉,團體,2016-Apr,604
嘉義縣,觀光飯店,阿里山鄉,團體,2016-May,339
嘉義縣,觀光飯店,阿里山鄉,團體,2016-Jun,351
嘉義縣,觀光飯店,阿里山鄉,團體,2016-Jul,471
嘉義縣,觀光飯店,阿里山鄉,團體,2016-Aug,453
嘉義縣,觀光飯店,阿里山鄉,團體,2016-Sep,259
嘉義縣,觀光飯店,阿里山鄉,團體,2016-Oct,308
嘉義縣,觀光飯店,阿里山鄉,團體,2016-Nov,327
嘉義縣,觀光飯店,阿里山鄉,團體,2016-Dec,0
嘉義縣,觀光飯店,番路鄉,國內旅客,2016-Jan,419
嘉義縣,觀光飯店,番路鄉,國內旅客,2016-Feb,870
嘉義縣,觀光飯店,番路鄉,國內旅客,2016-Mar,640
嘉義縣,觀光飯店,番路鄉,國內旅客,2016-Apr,589
嘉義縣,觀光飯店,番路鄉,國內旅客,2016-May,312
嘉義縣,觀光飯店,番路鄉,國內旅客,2016-Jun,748
嘉義縣,觀光飯店,番路鄉,國內旅客,2016-Jul,1427
嘉義縣,觀光飯店,番路鄉,國內旅客,2016-Aug,244
嘉義縣,觀光飯店,番路鄉,國內旅客,2016-Sep,312
嘉義縣,觀光飯店,番路鄉,國內旅客,2016-Oct,260
嘉義縣,觀光飯店,番路鄉,國內旅客,2016-Nov,502
嘉義縣,觀光飯店,番路鄉,國內旅客,2016-Dec,0
嘉義縣,觀光飯店,番路鄉,陸客(含港澳),2016-Jan,1659
嘉義縣,觀光飯店,番路鄉,陸客(含港澳),2016-Feb,2321
嘉義縣,觀光飯店,番路鄉,陸客(含港澳),2016-Mar,2124
嘉義縣,觀光飯店,番路鄉,陸客(含港澳),2016-Apr,2283
嘉義縣,觀光飯店,番路鄉,陸客(含港澳),2016-May,1961
嘉義縣,觀光飯店,番路鄉,陸客(含港澳),2016-Jun,1388
嘉義縣,觀光飯店,番路鄉,陸客(含港澳),2016-Jul,427
嘉義縣,觀光飯店,番路鄉,陸客(含港澳),2016-Aug,1048
嘉義縣,觀光飯店,番路鄉,陸客(含港澳),2016-Sep,335
嘉義縣,觀光飯店,番路鄉,陸客(含港澳),2016-Oct,599
嘉義縣,觀光飯店,番路鄉,陸客(含港澳),2016-Nov,698
嘉義縣,觀光飯店,番路鄉,陸客(含港澳),2016-Dec,0
嘉義縣,觀光飯店,番路鄉,外籍旅客,2016-Jan,0
嘉義縣,觀光飯店,番路鄉,外籍旅客,2016-Feb,0
嘉義縣,觀光飯店,番路鄉,外籍旅客,2016-Mar,0
嘉義縣,觀光飯店,番路鄉,外籍旅客,2016-Apr,0
嘉義縣,觀光飯店,番路鄉,外籍旅客,2016-May,0
嘉義縣,觀光飯店,番路鄉,外籍旅客,2016-Jun,0
嘉義縣,觀光飯店,番路鄉,外籍旅客,2016-Jul,0
嘉義縣,觀光飯店,番路鄉,外籍旅客,2016-Aug,0
嘉義縣,觀光飯店,番路鄉,外籍旅客,2016-Sep,0
嘉義縣,觀光飯店,番路鄉,外籍旅客,2016-Oct,0
嘉義縣,觀光飯店,番路鄉,外籍旅客,2016-Nov,0
嘉義縣,觀光飯店,番路鄉,外籍旅客,2016-Dec,0
嘉義縣,觀光飯店,番路鄉,個別,2016-Jan,242
嘉義縣,觀光飯店,番路鄉,個別,2016-Feb,357
嘉義縣,觀光飯店,番路鄉,個別,2016-Mar,70
嘉義縣,觀光飯店,番路鄉,個別,2016-Apr,175
嘉義縣,觀光飯店,番路鄉,個別,2016-May,91
嘉義縣,觀光飯店,番路鄉,個別,2016-Jun,176
嘉義縣,觀光飯店,番路鄉,個別,2016-Jul,232
嘉義縣,觀光飯店,番路鄉,個別,2016-Aug,203
嘉義縣,觀光飯店,番路鄉,個別,2016-Sep,178
嘉義縣,觀光飯店,番路鄉,個別,2016-Oct,86
嘉義縣,觀光飯店,番路鄉,個別,2016-Nov,158
嘉義縣,觀光飯店,番路鄉,個別,2016-Dec,0
嘉義縣,觀光飯店,番路鄉,團體,2016-Jan,1836
嘉義縣,觀光飯店,番路鄉,團體,2016-Feb,2834
嘉義縣,觀光飯店,番路鄉,團體,2016-Mar,2694
嘉義縣,觀光飯店,番路鄉,團體,2016-Apr,2697
嘉義縣,觀光飯店,番路鄉,團體,2016-May,2182
嘉義縣,觀光飯店,番路鄉,團體,2016-Jun,1960
嘉義縣,觀光飯店,番路鄉,團體,2016-Jul,1622
嘉義縣,觀光飯店,番路鄉,團體,2016-Aug,1089
嘉義縣,觀光飯店,番路鄉,團體,2016-Sep,469
嘉義縣,觀光飯店,番路鄉,團體,2016-Oct,773
嘉義縣,觀光飯店,番路鄉,團體,2016-Nov,1042
嘉義縣,觀光飯店,番路鄉,團體,2016-Dec,0
嘉義縣,觀光飯店,阿里山鄉,國內旅客,2016-Jan,3576
嘉義縣,觀光飯店,阿里山鄉,國內旅客,2016-Feb,4167
嘉義縣,觀光飯店,阿里山鄉,國內旅客,2016-Mar,4940
嘉義縣,觀光飯店,阿里山鄉,國內旅客,2016-Apr,4848
嘉義縣,觀光飯店,阿里山鄉,國內旅客,2016-May,4298
嘉義縣,觀光飯店,阿里山鄉,國內旅客,2016-Jun,4732
嘉義縣,觀光飯店,阿里山鄉,國內旅客,2016-Jul,6579
嘉義縣,觀光飯店,阿里山鄉,國內旅客,2016-Aug,5976
嘉義縣,觀光飯店,阿里山鄉,國內旅客,2016-Sep,3459
嘉義縣,觀光飯店,阿里山鄉,國內旅客,2016-Oct,3980
嘉義縣,觀光飯店,阿里山鄉,國內旅客,2016-Nov,4078
嘉義縣,觀光飯店,阿里山鄉,國內旅客,2016-Dec,0
嘉義縣,觀光飯店,阿里山鄉,陸客(含港澳),2016-Jan,848
嘉義縣,觀光飯店,阿里山鄉,陸客(含港澳),2016-Feb,1140
嘉義縣,觀光飯店,阿里山鄉,陸客(含港澳),2016-Mar,594
嘉義縣,觀光飯店,阿里山鄉,陸客(含港澳),2016-Apr,1006
嘉義縣,觀光飯店,阿里山鄉,陸客(含港澳),2016-May,661
嘉義縣,觀光飯店,阿里山鄉,陸客(含港澳),2016-Jun,559
嘉義縣,觀光飯店,阿里山鄉,陸客(含港澳),2016-Jul,662
嘉義縣,觀光飯店,阿里山鄉,陸客(含港澳),2016-Aug,669
嘉義縣,觀光飯店,阿里山鄉,陸客(含港澳),2016-Sep,316
嘉義縣,觀光飯店,阿里山鄉,陸客(含港澳),2016-Oct,497
嘉義縣,觀光飯店,阿里山鄉,陸客(含港澳),2016-Nov,261
嘉義縣,觀光飯店,阿里山鄉,陸客(含港澳),2016-Dec,0
嘉義縣,觀光飯店,阿里山鄉,外籍旅客,2016-Jan,582
嘉義縣,觀光飯店,阿里山鄉,外籍旅客,2016-Feb,403
嘉義縣,觀光飯店,阿里山鄉,外籍旅客,2016-Mar,697
嘉義縣,觀光飯店,阿里山鄉,外籍旅客,2016-Apr,524
嘉義縣,觀光飯店,阿里山鄉,外籍旅客,2016-May,555
嘉義縣,觀光飯店,阿里山鄉,外籍旅客,2016-Jun,425
嘉義縣,觀光飯店,阿里山鄉,外籍旅客,2016-Jul,431
嘉義縣,觀光飯店,阿里山鄉,外籍旅客,2016-Aug,729
嘉義縣,觀光飯店,阿里山鄉,外籍旅客,2016-Sep,448
嘉義縣,觀光飯店,阿里山鄉,外籍旅客,2016-Oct,538
嘉義縣,觀光飯店,阿里山鄉,外籍旅客,2016-Nov,978
嘉義縣,觀光飯店,阿里山鄉,外籍旅客,2016-Dec,0
嘉義縣,觀光飯店,阿里山鄉,個別,2016-Jan,3505
嘉義縣,觀光飯店,阿里山鄉,個別,2016-Feb,3997
嘉義縣,觀光飯店,阿里山鄉,個別,2016-Mar,4362
嘉義縣,觀光飯店,阿里山鄉,個別,2016-Apr,3766
嘉義縣,觀光飯店,阿里山鄉,個別,2016-May,3860
嘉義縣,觀光飯店,阿里山鄉,個別,2016-Jun,4001
嘉義縣,觀光飯店,阿里山鄉,個別,2016-Jul,5370
嘉義縣,觀光飯店,阿里山鄉,個別,2016-Aug,5162
嘉義縣,觀光飯店,阿里山鄉,個別,2016-Sep,2956
嘉義縣,觀光飯店,阿里山鄉,個別,2016-Oct,3510
嘉義縣,觀光飯店,阿里山鄉,個別,2016-Nov,3722
嘉義縣,觀光飯店,阿里山鄉,個別,2016-Dec,0
嘉義縣,觀光飯店,阿里山鄉,團體,2016-Jan,1501
嘉義縣,觀光飯店,阿里山鄉,團體,2016-Feb,1713
嘉義縣,觀光飯店,阿里山鄉,團體,2016-Mar,1869
嘉義縣,觀光飯店,阿里山鄉,團體,2016-Apr,2612
嘉義縣,觀光飯店,阿里山鄉,團體,2016-May,1654
嘉義縣,觀光飯店,阿里山鄉,團體,2016-Jun,1715
嘉義縣,觀光飯店,阿里山鄉,團體,2016-Jul,2302
嘉義縣,觀光飯店,阿里山鄉,團體,2016-Aug,2212
嘉義縣,觀光飯店,阿里山鄉,團體,2016-Sep,1267
嘉義縣,觀光飯店,阿里山鄉,團體,2016-Oct,1505
嘉義縣,觀光飯店,阿里山鄉,團體,2016-Nov,1595
嘉義縣,觀光飯店,阿里山鄉,團體,2016-Dec,0
嘉義縣,旅館,阿里山鄉,國內旅客,2016-Jan,8050
嘉義縣,旅館,阿里山鄉,國內旅客,2016-Feb,8599
嘉義縣,旅館,阿里山鄉,國內旅客,2016-Mar,13116
嘉義縣,旅館,阿里山鄉,國內旅客,2016-Apr,10135
嘉義縣,旅館,阿里山鄉,國內旅客,2016-May,9204
嘉義縣,旅館,阿里山鄉,國內旅客,2016-Jun,11015
嘉義縣,旅館,阿里山鄉,國內旅客,2016-Jul,9255
嘉義縣,旅館,阿里山鄉,國內旅客,2016-Aug,7571
嘉義縣,旅館,阿里山鄉,國內旅客,2016-Sep,4940
嘉義縣,旅館,阿里山鄉,國內旅客,2016-Oct,6917
嘉義縣,旅館,阿里山鄉,國內旅客,2016-Nov,3170
嘉義縣,旅館,阿里山鄉,國內旅客,2016-Dec,0
嘉義縣,旅館,阿里山鄉,陸客(含港澳),2016-Jan,4060
嘉義縣,旅館,阿里山鄉,陸客(含港澳),2016-Feb,6102
嘉義縣,旅館,阿里山鄉,陸客(含港澳),2016-Mar,4809
嘉義縣,旅館,阿里山鄉,陸客(含港澳),2016-Apr,4840
嘉義縣,旅館,阿里山鄉,陸客(含港澳),2016-May,4528
嘉義縣,旅館,阿里山鄉,陸客(含港澳),2016-Jun,5663
嘉義縣,旅館,阿里山鄉,陸客(含港澳),2016-Jul,2608
嘉義縣,旅館,阿里山鄉,陸客(含港澳),2016-Aug,1317
嘉義縣,旅館,阿里山鄉,陸客(含港澳),2016-Sep,442
嘉義縣,旅館,阿里山鄉,陸客(含港澳),2016-Oct,2402
嘉義縣,旅館,阿里山鄉,陸客(含港澳),2016-Nov,454
嘉義縣,旅館,阿里山鄉,陸客(含港澳),2016-Dec,0
嘉義縣,旅館,阿里山鄉,外籍旅客,2016-Jan,2261
嘉義縣,旅館,阿里山鄉,外籍旅客,2016-Feb,2601
嘉義縣,旅館,阿里山鄉,外籍旅客,2016-Mar,2441
嘉義縣,旅館,阿里山鄉,外籍旅客,2016-Apr,2647
嘉義縣,旅館,阿里山鄉,外籍旅客,2016-May,1914
嘉義縣,旅館,阿里山鄉,外籍旅客,2016-Jun,2004
嘉義縣,旅館,阿里山鄉,外籍旅客,2016-Jul,1460
嘉義縣,旅館,阿里山鄉,外籍旅客,2016-Aug,590
嘉義縣,旅館,阿里山鄉,外籍旅客,2016-Sep,361
嘉義縣,旅館,阿里山鄉,外籍旅客,2016-Oct,1619
嘉義縣,旅館,阿里山鄉,外籍旅客,2016-Nov,628
嘉義縣,旅館,阿里山鄉,外籍旅客,2016-Dec,0
嘉義縣,旅館,阿里山鄉,個別,2016-Jan,9447
嘉義縣,旅館,阿里山鄉,個別,2016-Feb,10125
嘉義縣,旅館,阿里山鄉,個別,2016-Mar,13208
嘉義縣,旅館,阿里山鄉,個別,2016-Apr,11588
嘉義縣,旅館,阿里山鄉,個別,2016-May,9815
嘉義縣,旅館,阿里山鄉,個別,2016-Jun,11709
嘉義縣,旅館,阿里山鄉,個別,2016-Jul,7802
嘉義縣,旅館,阿里山鄉,個別,2016-Aug,6419
嘉義縣,旅館,阿里山鄉,個別,2016-Sep,3610
嘉義縣,旅館,阿里山鄉,個別,2016-Oct,5450
嘉義縣,旅館,阿里山鄉,個別,2016-Nov,2520
嘉義縣,旅館,阿里山鄉,個別,2016-Dec,0
嘉義縣,旅館,阿里山鄉,團體,2016-Jan,4924
嘉義縣,旅館,阿里山鄉,團體,2016-Feb,7177
嘉義縣,旅館,阿里山鄉,團體,2016-Mar,7158
嘉義縣,旅館,阿里山鄉,團體,2016-Apr,6034
嘉義縣,旅館,阿里山鄉,團體,2016-May,5831
嘉義縣,旅館,阿里山鄉,團體,2016-Jun,6973
嘉義縣,旅館,阿里山鄉,團體,2016-Jul,5521
嘉義縣,旅館,阿里山鄉,團體,2016-Aug,3059
嘉義縣,旅館,阿里山鄉,團體,2016-Sep,2133
嘉義縣,旅館,阿里山鄉,團體,2016-Oct,5488
嘉義縣,旅館,阿里山鄉,團體,2016-Nov,1732
嘉義縣,旅館,阿里山鄉,團體,2016-Dec,0
嘉義縣,旅館,竹崎鄉,國內旅客,2016-Jan,1739
嘉義縣,旅館,竹崎鄉,國內旅客,2016-Feb,2935
嘉義縣,旅館,竹崎鄉,國內旅客,2016-Mar,2916
嘉義縣,旅館,竹崎鄉,國內旅客,2016-Apr,3078
嘉義縣,旅館,竹崎鄉,國內旅客,2016-May,2576
嘉義縣,旅館,竹崎鄉,國內旅客,2016-Jun,3045
嘉義縣,旅館,竹崎鄉,國內旅客,2016-Jul,562
嘉義縣,旅館,竹崎鄉,國內旅客,2016-Aug,438
嘉義縣,旅館,竹崎鄉,國內旅客,2016-Sep,192
嘉義縣,旅館,竹崎鄉,國內旅客,2016-Oct,88
嘉義縣,旅館,竹崎鄉,國內旅客,2016-Nov,242
嘉義縣,旅館,竹崎鄉,國內旅客,2016-Dec,0
嘉義縣,旅館,竹崎鄉,陸客(含港澳),2016-Jan,224
嘉義縣,旅館,竹崎鄉,陸客(含港澳),2016-Feb,307
嘉義縣,旅館,竹崎鄉,陸客(含港澳),2016-Mar,165
嘉義縣,旅館,竹崎鄉,陸客(含港澳),2016-Apr,258
嘉義縣,旅館,竹崎鄉,陸客(含港澳),2016-May,130
嘉義縣,旅館,竹崎鄉,陸客(含港澳),2016-Jun,87
嘉義縣,旅館,竹崎鄉,陸客(含港澳),2016-Jul,0
嘉義縣,旅館,竹崎鄉,陸客(含港澳),2016-Aug,0
嘉義縣,旅館,竹崎鄉,陸客(含港澳),2016-Sep,0
嘉義縣,旅館,竹崎鄉,陸客(含港澳),2016-Oct,0
嘉義縣,旅館,竹崎鄉,陸客(含港澳),2016-Nov,0
嘉義縣,旅館,竹崎鄉,陸客(含港澳),2016-Dec,0
嘉義縣,旅館,竹崎鄉,外籍旅客,2016-Jan,161
嘉義縣,旅館,竹崎鄉,外籍旅客,2016-Feb,44
嘉義縣,旅館,竹崎鄉,外籍旅客,2016-Mar,359
嘉義縣,旅館,竹崎鄉,外籍旅客,2016-Apr,255
嘉義縣,旅館,竹崎鄉,外籍旅客,2016-May,133
嘉義縣,旅館,竹崎鄉,外籍旅客,2016-Jun,166
嘉義縣,旅館,竹崎鄉,外籍旅客,2016-Jul,21
嘉義縣,旅館,竹崎鄉,外籍旅客,2016-Aug,13
嘉義縣,旅館,竹崎鄉,外籍旅客,2016-Sep,5
嘉義縣,旅館,竹崎鄉,外籍旅客,2016-Oct,18
嘉義縣,旅館,竹崎鄉,外籍旅客,2016-Nov,22
嘉義縣,旅館,竹崎鄉,外籍旅客,2016-Dec,0
嘉義縣,旅館,竹崎鄉,個別,2016-Jan,1923
嘉義縣,旅館,竹崎鄉,個別,2016-Feb,2922
嘉義縣,旅館,竹崎鄉,個別,2016-Mar,2526
嘉義縣,旅館,竹崎鄉,個別,2016-Apr,2844
嘉義縣,旅館,竹崎鄉,個別,2016-May,2307
嘉義縣,旅館,竹崎鄉,個別,2016-Jun,2618
嘉義縣,旅館,竹崎鄉,個別,2016-Jul,377
嘉義縣,旅館,竹崎鄉,個別,2016-Aug,287
嘉義縣,旅館,竹崎鄉,個別,2016-Sep,115
嘉義縣,旅館,竹崎鄉,個別,2016-Oct,38
嘉義縣,旅館,竹崎鄉,個別,2016-Nov,104
嘉義縣,旅館,竹崎鄉,個別,2016-Dec,0
嘉義縣,旅館,竹崎鄉,團體,2016-Jan,201
嘉義縣,旅館,竹崎鄉,團體,2016-Feb,364
嘉義縣,旅館,竹崎鄉,團體,2016-Mar,914
嘉義縣,旅館,竹崎鄉,團體,2016-Apr,747
嘉義縣,旅館,竹崎鄉,團體,2016-May,532
嘉義縣,旅館,竹崎鄉,團體,2016-Jun,680
嘉義縣,旅館,竹崎鄉,團體,2016-Jul,206
嘉義縣,旅館,竹崎鄉,團體,2016-Aug,164
嘉義縣,旅館,竹崎鄉,團體,2016-Sep,82
嘉義縣,旅館,竹崎鄉,團體,2016-Oct,68
嘉義縣,旅館,竹崎鄉,團體,2016-Nov,160
嘉義縣,旅館,竹崎鄉,團體,2016-Dec,0
嘉義縣,旅館,梅山鄉,國內旅客,2016-Jan,164
嘉義縣,旅館,梅山鄉,國內旅客,2016-Feb,214
嘉義縣,旅館,梅山鄉,國內旅客,2016-Mar,144
嘉義縣,旅館,梅山鄉,國內旅客,2016-Apr,346
嘉義縣,旅館,梅山鄉,國內旅客,2016-May,245
嘉義縣,旅館,梅山鄉,國內旅客,2016-Jun,108
嘉義縣,旅館,梅山鄉,國內旅客,2016-Jul,150
嘉義縣,旅館,梅山鄉,國內旅客,2016-Aug,80
嘉義縣,旅館,梅山鄉,國內旅客,2016-Sep,90
嘉義縣,旅館,梅山鄉,國內旅客,2016-Oct,100
嘉義縣,旅館,梅山鄉,國內旅客,2016-Nov,100
嘉義縣,旅館,梅山鄉,國內旅客,2016-Dec,0
嘉義縣,旅館,梅山鄉,陸客(含港澳),2016-Jan,0
嘉義縣,旅館,梅山鄉,陸客(含港澳),2016-Feb,0
嘉義縣,旅館,梅山鄉,陸客(含港澳),2016-Mar,0
嘉義縣,旅館,梅山鄉,陸客(含港澳),2016-Apr,10
嘉義縣,旅館,梅山鄉,陸客(含港澳),2016-May,0
嘉義縣,旅館,梅山鄉,陸客(含港澳),2016-Jun,0
嘉義縣,旅館,梅山鄉,陸客(含港澳),2016-Jul,0
嘉義縣,旅館,梅山鄉,陸客(含港澳),2016-Aug,0
嘉義縣,旅館,梅山鄉,陸客(含港澳),2016-Sep,10
嘉義縣,旅館,梅山鄉,陸客(含港澳),2016-Oct,0
嘉義縣,旅館,梅山鄉,陸客(含港澳),2016-Nov,0
嘉義縣,旅館,梅山鄉,陸客(含港澳),2016-Dec,0
嘉義縣,旅館,梅山鄉,外籍旅客,2016-Jan,0
嘉義縣,旅館,梅山鄉,外籍旅客,2016-Feb,0
嘉義縣,旅館,梅山鄉,外籍旅客,2016-Mar,0
嘉義縣,旅館,梅山鄉,外籍旅客,2016-Apr,2
嘉義縣,旅館,梅山鄉,外籍旅客,2016-May,0
嘉義縣,旅館,梅山鄉,外籍旅客,2016-Jun,0
嘉義縣,旅館,梅山鄉,外籍旅客,2016-Jul,0
嘉義縣,旅館,梅山鄉,外籍旅客,2016-Aug,0
嘉義縣,旅館,梅山鄉,外籍旅客,2016-Sep,0
嘉義縣,旅館,梅山鄉,外籍旅客,2016-Oct,0
嘉義縣,旅館,梅山鄉,外籍旅客,2016-Nov,0
嘉義縣,旅館,梅山鄉,外籍旅客,2016-Dec,0
嘉義縣,旅館,梅山鄉,個別,2016-Jan,114
嘉義縣,旅館,梅山鄉,個別,2016-Feb,184
嘉義縣,旅館,梅山鄉,個別,2016-Mar,84
嘉義縣,旅館,梅山鄉,個別,2016-Apr,198
嘉義縣,旅館,梅山鄉,個別,2016-May,125
嘉義縣,旅館,梅山鄉,個別,2016-Jun,48
嘉義縣,旅館,梅山鄉,個別,2016-Jul,40
嘉義縣,旅館,梅山鄉,個別,2016-Aug,20
嘉義縣,旅館,梅山鄉,個別,2016-Sep,20
嘉義縣,旅館,梅山鄉,個別,2016-Oct,20
嘉義縣,旅館,梅山鄉,個別,2016-Nov,20
嘉義縣,旅館,梅山鄉,個別,2016-Dec,0
嘉義縣,旅館,梅山鄉,團體,2016-Jan,50
嘉義縣,旅館,梅山鄉,團體,2016-Feb,30
嘉義縣,旅館,梅山鄉,團體,2016-Mar,60
嘉義縣,旅館,梅山鄉,團體,2016-Apr,160
嘉義縣,旅館,梅山鄉,團體,2016-May,120
嘉義縣,旅館,梅山鄉,團體,2016-Jun,60
嘉義縣,旅館,梅山鄉,團體,2016-Jul,110
嘉義縣,旅館,梅山鄉,團體,2016-Aug,60
嘉義縣,旅館,梅山鄉,團體,2016-Sep,80
嘉義縣,旅館,梅山鄉,團體,2016-Oct,80
嘉義縣,旅館,梅山鄉,團體,2016-Nov,80
嘉義縣,旅館,梅山鄉,團體,2016-Dec,0
嘉義縣,旅館,番路鄉,國內旅客,2016-Jan,3481
嘉義縣,旅館,番路鄉,國內旅客,2016-Feb,5518
嘉義縣,旅館,番路鄉,國內旅客,2016-Mar,4306
嘉義縣,旅館,番路鄉,國內旅客,2016-Apr,3981
嘉義縣,旅館,番路鄉,國內旅客,2016-May,4132
嘉義縣,旅館,番路鄉,國內旅客,2016-Jun,5197
嘉義縣,旅館,番路鄉,國內旅客,2016-Jul,1019
嘉義縣,旅館,番路鄉,國內旅客,2016-Aug,520
嘉義縣,旅館,番路鄉,國內旅客,2016-Sep,500
嘉義縣,旅館,番路鄉,國內旅客,2016-Oct,1166
嘉義縣,旅館,番路鄉,國內旅客,2016-Nov,3376
嘉義縣,旅館,番路鄉,國內旅客,2016-Dec,0
嘉義縣,旅館,番路鄉,陸客(含港澳),2016-Jan,13485
嘉義縣,旅館,番路鄉,陸客(含港澳),2016-Feb,14118
嘉義縣,旅館,番路鄉,陸客(含港澳),2016-Mar,15414
嘉義縣,旅館,番路鄉,陸客(含港澳),2016-Apr,14137
嘉義縣,旅館,番路鄉,陸客(含港澳),2016-May,13144
嘉義縣,旅館,番路鄉,陸客(含港澳),2016-Jun,8487
嘉義縣,旅館,番路鄉,陸客(含港澳),2016-Jul,2206
嘉義縣,旅館,番路鄉,陸客(含港澳),2016-Aug,1488
嘉義縣,旅館,番路鄉,陸客(含港澳),2016-Sep,1768
嘉義縣,旅館,番路鄉,陸客(含港澳),2016-Oct,2599
嘉義縣,旅館,番路鄉,陸客(含港澳),2016-Nov,1030
嘉義縣,旅館,番路鄉,陸客(含港澳),2016-Dec,0
嘉義縣,旅館,番路鄉,外籍旅客,2016-Jan,0
嘉義縣,旅館,番路鄉,外籍旅客,2016-Feb,8
嘉義縣,旅館,番路鄉,外籍旅客,2016-Mar,4
嘉義縣,旅館,番路鄉,外籍旅客,2016-Apr,0
嘉義縣,旅館,番路鄉,外籍旅客,2016-May,0
嘉義縣,旅館,番路鄉,外籍旅客,2016-Jun,0
嘉義縣,旅館,番路鄉,外籍旅客,2016-Jul,0
嘉義縣,旅館,番路鄉,外籍旅客,2016-Aug,0
嘉義縣,旅館,番路鄉,外籍旅客,2016-Sep,0
嘉義縣,旅館,番路鄉,外籍旅客,2016-Oct,0
嘉義縣,旅館,番路鄉,外籍旅客,2016-Nov,0
嘉義縣,旅館,番路鄉,外籍旅客,2016-Dec,0
嘉義縣,旅館,番路鄉,個別,2016-Jan,2053
嘉義縣,旅館,番路鄉,個別,2016-Feb,4540
嘉義縣,旅館,番路鄉,個別,2016-Mar,1289
嘉義縣,旅館,番路鄉,個別,2016-Apr,1657
嘉義縣,旅館,番路鄉,個別,2016-May,927
嘉義縣,旅館,番路鄉,個別,2016-Jun,1793
嘉義縣,旅館,番路鄉,個別,2016-Jul,79
嘉義縣,旅館,番路鄉,個別,2016-Aug,16
嘉義縣,旅館,番路鄉,個別,2016-Sep,2
嘉義縣,旅館,番路鄉,個別,2016-Oct,6
嘉義縣,旅館,番路鄉,個別,2016-Nov,24
嘉義縣,旅館,番路鄉,個別,2016-Dec,0
嘉義縣,旅館,番路鄉,團體,2016-Jan,14913
嘉義縣,旅館,番路鄉,團體,2016-Feb,15104
嘉義縣,旅館,番路鄉,團體,2016-Mar,18435
嘉義縣,旅館,番路鄉,團體,2016-Apr,16461
嘉義縣,旅館,番路鄉,團體,2016-May,16349
嘉義縣,旅館,番路鄉,團體,2016-Jun,11891
嘉義縣,旅館,番路鄉,團體,2016-Jul,3146
嘉義縣,旅館,番路鄉,團體,2016-Aug,1992
嘉義縣,旅館,番路鄉,團體,2016-Sep,2266
嘉義縣,旅館,番路鄉,團體,2016-Oct,3759
嘉義縣,旅館,番路鄉,團體,2016-Nov,4382
嘉義縣,旅館,番路鄉,團體,2016-Dec,0
嘉義縣,民宿,阿里山鄉,國內旅客,2016-Jan,795
嘉義縣,民宿,阿里山鄉,國內旅客,2016-Feb,1075
嘉義縣,民宿,阿里山鄉,國內旅客,2016-Mar,805
嘉義縣,民宿,阿里山鄉,國內旅客,2016-Apr,871
嘉義縣,民宿,阿里山鄉,國內旅客,2016-May,844
嘉義縣,民宿,阿里山鄉,國內旅客,2016-Jun,805
嘉義縣,民宿,阿里山鄉,國內旅客,2016-Jul,595
嘉義縣,民宿,阿里山鄉,國內旅客,2016-Aug,412
嘉義縣,民宿,阿里山鄉,國內旅客,2016-Sep,337
嘉義縣,民宿,阿里山鄉,國內旅客,2016-Oct,413
嘉義縣,民宿,阿里山鄉,國內旅客,2016-Nov,339
嘉義縣,民宿,阿里山鄉,國內旅客,2016-Dec,0
嘉義縣,民宿,阿里山鄉,陸客(含港澳),2016-Jan,52
嘉義縣,民宿,阿里山鄉,陸客(含港澳),2016-Feb,28
嘉義縣,民宿,阿里山鄉,陸客(含港澳),2016-Mar,27
嘉義縣,民宿,阿里山鄉,陸客(含港澳),2016-Apr,17
嘉義縣,民宿,阿里山鄉,陸客(含港澳),2016-May,16
嘉義縣,民宿,阿里山鄉,陸客(含港澳),2016-Jun,24
嘉義縣,民宿,阿里山鄉,陸客(含港澳),2016-Jul,28
嘉義縣,民宿,阿里山鄉,陸客(含港澳),2016-Aug,11
嘉義縣,民宿,阿里山鄉,陸客(含港澳),2016-Sep,21
嘉義縣,民宿,阿里山鄉,陸客(含港澳),2016-Oct,30
嘉義縣,民宿,阿里山鄉,陸客(含港澳),2016-Nov,15
嘉義縣,民宿,阿里山鄉,陸客(含港澳),2016-Dec,0
嘉義縣,民宿,阿里山鄉,外籍旅客,2016-Jan,9
嘉義縣,民宿,阿里山鄉,外籍旅客,2016-Feb,13
嘉義縣,民宿,阿里山鄉,外籍旅客,2016-Mar,14
嘉義縣,民宿,阿里山鄉,外籍旅客,2016-Apr,21
嘉義縣,民宿,阿里山鄉,外籍旅客,2016-May,16
嘉義縣,民宿,阿里山鄉,外籍旅客,2016-Jun,16
嘉義縣,民宿,阿里山鄉,外籍旅客,2016-Jul,17
嘉義縣,民宿,阿里山鄉,外籍旅客,2016-Aug,13
嘉義縣,民宿,阿里山鄉,外籍旅客,2016-Sep,15
嘉義縣,民宿,阿里山鄉,外籍旅客,2016-Oct,20
嘉義縣,民宿,阿里山鄉,外籍旅客,2016-Nov,12
嘉義縣,民宿,阿里山鄉,外籍旅客,2016-Dec,0
嘉義縣,民宿,阿里山鄉,個別,2016-Jan,643
嘉義縣,民宿,阿里山鄉,個別,2016-Feb,832
嘉義縣,民宿,阿里山鄉,個別,2016-Mar,641
嘉義縣,民宿,阿里山鄉,個別,2016-Apr,696
嘉義縣,民宿,阿里山鄉,個別,2016-May,683
嘉義縣,民宿,阿里山鄉,個別,2016-Jun,608
嘉義縣,民宿,阿里山鄉,個別,2016-Jul,542
嘉義縣,民宿,阿里山鄉,個別,2016-Aug,420
嘉義縣,民宿,阿里山鄉,個別,2016-Sep,322
嘉義縣,民宿,阿里山鄉,個別,2016-Oct,421
嘉義縣,民宿,阿里山鄉,個別,2016-Nov,325
嘉義縣,民宿,阿里山鄉,個別,2016-Dec,0
嘉義縣,民宿,阿里山鄉,團體,2016-Jan,213
嘉義縣,民宿,阿里山鄉,團體,2016-Feb,284
嘉義縣,民宿,阿里山鄉,團體,2016-Mar,205
嘉義縣,民宿,阿里山鄉,團體,2016-Apr,213
嘉義縣,民宿,阿里山鄉,團體,2016-May,193
嘉義縣,民宿,阿里山鄉,團體,2016-Jun,237
嘉義縣,民宿,阿里山鄉,團體,2016-Jul,98
嘉義縣,民宿,阿里山鄉,團體,2016-Aug,16
嘉義縣,民宿,阿里山鄉,團體,2016-Sep,51
嘉義縣,民宿,阿里山鄉,團體,2016-Oct,42
嘉義縣,民宿,阿里山鄉,團體,2016-Nov,41
嘉義縣,民宿,阿里山鄉,團體,2016-Dec,0
嘉義縣,民宿,竹崎鄉,國內旅客,2016-Jan,2053
嘉義縣,民宿,竹崎鄉,國內旅客,2016-Feb,3394
嘉義縣,民宿,竹崎鄉,國內旅客,2016-Mar,2401
嘉義縣,民宿,竹崎鄉,國內旅客,2016-Apr,2838
嘉義縣,民宿,竹崎鄉,國內旅客,2016-May,2417
嘉義縣,民宿,竹崎鄉,國內旅客,2016-Jun,2512
嘉義縣,民宿,竹崎鄉,國內旅客,2016-Jul,1676
嘉義縣,民宿,竹崎鄉,國內旅客,2016-Aug,1631
嘉義縣,民宿,竹崎鄉,國內旅客,2016-Sep,1136
嘉義縣,民宿,竹崎鄉,國內旅客,2016-Oct,957
嘉義縣,民宿,竹崎鄉,國內旅客,2016-Nov,768
嘉義縣,民宿,竹崎鄉,國內旅客,2016-Dec,0
嘉義縣,民宿,竹崎鄉,陸客(含港澳),2016-Jan,166
嘉義縣,民宿,竹崎鄉,陸客(含港澳),2016-Feb,161
嘉義縣,民宿,竹崎鄉,陸客(含港澳),2016-Mar,97
嘉義縣,民宿,竹崎鄉,陸客(含港澳),2016-Apr,68
嘉義縣,民宿,竹崎鄉,陸客(含港澳),2016-May,66
嘉義縣,民宿,竹崎鄉,陸客(含港澳),2016-Jun,29
嘉義縣,民宿,竹崎鄉,陸客(含港澳),2016-Jul,54
嘉義縣,民宿,竹崎鄉,陸客(含港澳),2016-Aug,29
嘉義縣,民宿,竹崎鄉,陸客(含港澳),2016-Sep,40
嘉義縣,民宿,竹崎鄉,陸客(含港澳),2016-Oct,44
嘉義縣,民宿,竹崎鄉,陸客(含港澳),2016-Nov,30
嘉義縣,民宿,竹崎鄉,陸客(含港澳),2016-Dec,0
嘉義縣,民宿,竹崎鄉,外籍旅客,2016-Jan,88
嘉義縣,民宿,竹崎鄉,外籍旅客,2016-Feb,157
嘉義縣,民宿,竹崎鄉,外籍旅客,2016-Mar,255
嘉義縣,民宿,竹崎鄉,外籍旅客,2016-Apr,277
嘉義縣,民宿,竹崎鄉,外籍旅客,2016-May,202
嘉義縣,民宿,竹崎鄉,外籍旅客,2016-Jun,179
嘉義縣,民宿,竹崎鄉,外籍旅客,2016-Jul,235
嘉義縣,民宿,竹崎鄉,外籍旅客,2016-Aug,122
嘉義縣,民宿,竹崎鄉,外籍旅客,2016-Sep,91
嘉義縣,民宿,竹崎鄉,外籍旅客,2016-Oct,101
嘉義縣,民宿,竹崎鄉,外籍旅客,2016-Nov,182
嘉義縣,民宿,竹崎鄉,外籍旅客,2016-Dec,0
嘉義縣,民宿,竹崎鄉,個別,2016-Jan,2247
嘉義縣,民宿,竹崎鄉,個別,2016-Feb,3432
嘉義縣,民宿,竹崎鄉,個別,2016-Mar,2595
嘉義縣,民宿,竹崎鄉,個別,2016-Apr,3013
嘉義縣,民宿,竹崎鄉,個別,2016-May,2451
嘉義縣,民宿,竹崎鄉,個別,2016-Jun,2613
嘉義縣,民宿,竹崎鄉,個別,2016-Jul,1937
嘉義縣,民宿,竹崎鄉,個別,2016-Aug,1747
嘉義縣,民宿,竹崎鄉,個別,2016-Sep,1267
嘉義縣,民宿,竹崎鄉,個別,2016-Oct,1102
嘉義縣,民宿,竹崎鄉,個別,2016-Nov,980
嘉義縣,民宿,竹崎鄉,個別,2016-Dec,0
嘉義縣,民宿,竹崎鄉,團體,2016-Jan,60
嘉義縣,民宿,竹崎鄉,團體,2016-Feb,280
嘉義縣,民宿,竹崎鄉,團體,2016-Mar,158
嘉義縣,民宿,竹崎鄉,團體,2016-Apr,170
嘉義縣,民宿,竹崎鄉,團體,2016-May,234
嘉義縣,民宿,竹崎鄉,團體,2016-Jun,107
嘉義縣,民宿,竹崎鄉,團體,2016-Jul,28
嘉義縣,民宿,竹崎鄉,團體,2016-Aug,35
嘉義縣,民宿,竹崎鄉,團體,2016-Sep,0
嘉義縣,民宿,竹崎鄉,團體,2016-Oct,0
嘉義縣,民宿,竹崎鄉,團體,2016-Nov,0
嘉義縣,民宿,竹崎鄉,團體,2016-Dec,0
嘉義縣,民宿,梅山鄉,國內旅客,2016-Jan,1539
嘉義縣,民宿,梅山鄉,國內旅客,2016-Feb,2703
嘉義縣,民宿,梅山鄉,國內旅客,2016-Mar,1793
嘉義縣,民宿,梅山鄉,國內旅客,2016-Apr,2477
嘉義縣,民宿,梅山鄉,國內旅客,2016-May,1978
嘉義縣,民宿,梅山鄉,國內旅客,2016-Jun,1885
嘉義縣,民宿,梅山鄉,國內旅客,2016-Jul,1607
嘉義縣,民宿,梅山鄉,國內旅客,2016-Aug,1173
嘉義縣,民宿,梅山鄉,國內旅客,2016-Sep,809
嘉義縣,民宿,梅山鄉,國內旅客,2016-Oct,796
嘉義縣,民宿,梅山鄉,國內旅客,2016-Nov,748
嘉義縣,民宿,梅山鄉,國內旅客,2016-Dec,0
嘉義縣,民宿,梅山鄉,陸客(含港澳),2016-Jan,59
嘉義縣,民宿,梅山鄉,陸客(含港澳),2016-Feb,78
嘉義縣,民宿,梅山鄉,陸客(含港澳),2016-Mar,100
嘉義縣,民宿,梅山鄉,陸客(含港澳),2016-Apr,39
嘉義縣,民宿,梅山鄉,陸客(含港澳),2016-May,34
嘉義縣,民宿,梅山鄉,陸客(含港澳),2016-Jun,74
嘉義縣,民宿,梅山鄉,陸客(含港澳),2016-Jul,37
嘉義縣,民宿,梅山鄉,陸客(含港澳),2016-Aug,28
嘉義縣,民宿,梅山鄉,陸客(含港澳),2016-Sep,16
嘉義縣,民宿,梅山鄉,陸客(含港澳),2016-Oct,23
嘉義縣,民宿,梅山鄉,陸客(含港澳),2016-Nov,35
嘉義縣,民宿,梅山鄉,陸客(含港澳),2016-Dec,0
嘉義縣,民宿,梅山鄉,外籍旅客,2016-Jan,52
嘉義縣,民宿,梅山鄉,外籍旅客,2016-Feb,15
嘉義縣,民宿,梅山鄉,外籍旅客,2016-Mar,42
嘉義縣,民宿,梅山鄉,外籍旅客,2016-Apr,38
嘉義縣,民宿,梅山鄉,外籍旅客,2016-May,35
嘉義縣,民宿,梅山鄉,外籍旅客,2016-Jun,54
嘉義縣,民宿,梅山鄉,外籍旅客,2016-Jul,47
嘉義縣,民宿,梅山鄉,外籍旅客,2016-Aug,25
嘉義縣,民宿,梅山鄉,外籍旅客,2016-Sep,36
嘉義縣,民宿,梅山鄉,外籍旅客,2016-Oct,15
嘉義縣,民宿,梅山鄉,外籍旅客,2016-Nov,66
嘉義縣,民宿,梅山鄉,外籍旅客,2016-Dec,0
嘉義縣,民宿,梅山鄉,個別,2016-Jan,1584
嘉義縣,民宿,梅山鄉,個別,2016-Feb,2477
嘉義縣,民宿,梅山鄉,個別,2016-Mar,1828
嘉義縣,民宿,梅山鄉,個別,2016-Apr,2383
嘉義縣,民宿,梅山鄉,個別,2016-May,1924
嘉義縣,民宿,梅山鄉,個別,2016-Jun,1540
嘉義縣,民宿,梅山鄉,個別,2016-Jul,1491
嘉義縣,民宿,梅山鄉,個別,2016-Aug,1072
嘉義縣,民宿,梅山鄉,個別,2016-Sep,760
嘉義縣,民宿,梅山鄉,個別,2016-Oct,804
嘉義縣,民宿,梅山鄉,個別,2016-Nov,749
嘉義縣,民宿,梅山鄉,個別,2016-Dec,0
嘉義縣,民宿,梅山鄉,團體,2016-Jan,66
嘉義縣,民宿,梅山鄉,團體,2016-Feb,319
嘉義縣,民宿,梅山鄉,團體,2016-Mar,107
嘉義縣,民宿,梅山鄉,團體,2016-Apr,171
嘉義縣,民宿,梅山鄉,團體,2016-May,123
嘉義縣,民宿,梅山鄉,團體,2016-Jun,473
嘉義縣,民宿,梅山鄉,團體,2016-Jul,200
嘉義縣,民宿,梅山鄉,團體,2016-Aug,154
嘉義縣,民宿,梅山鄉,團體,2016-Sep,101
嘉義縣,民宿,梅山鄉,團體,2016-Oct,30
嘉義縣,民宿,梅山鄉,團體,2016-Nov,100
嘉義縣,民宿,梅山鄉,團體,2016-Dec,0
嘉義縣,民宿,番路鄉,國內旅客,2016-Jan,762
嘉義縣,民宿,番路鄉,國內旅客,2016-Feb,1226
嘉義縣,民宿,番路鄉,國內旅客,2016-Mar,858
嘉義縣,民宿,番路鄉,國內旅客,2016-Apr,1447
嘉義縣,民宿,番路鄉,國內旅客,2016-May,597
嘉義縣,民宿,番路鄉,國內旅客,2016-Jun,830
嘉義縣,民宿,番路鄉,國內旅客,2016-Jul,678
嘉義縣,民宿,番路鄉,國內旅客,2016-Aug,1120
嘉義縣,民宿,番路鄉,國內旅客,2016-Sep,338
嘉義縣,民宿,番路鄉,國內旅客,2016-Oct,467
嘉義縣,民宿,番路鄉,國內旅客,2016-Nov,441
嘉義縣,民宿,番路鄉,國內旅客,2016-Dec,0
嘉義縣,民宿,番路鄉,陸客(含港澳),2016-Jan,165
嘉義縣,民宿,番路鄉,陸客(含港澳),2016-Feb,160
嘉義縣,民宿,番路鄉,陸客(含港澳),2016-Mar,371
嘉義縣,民宿,番路鄉,陸客(含港澳),2016-Apr,234
嘉義縣,民宿,番路鄉,陸客(含港澳),2016-May,196
嘉義縣,民宿,番路鄉,陸客(含港澳),2016-Jun,105
嘉義縣,民宿,番路鄉,陸客(含港澳),2016-Jul,98
嘉義縣,民宿,番路鄉,陸客(含港澳),2016-Aug,129
嘉義縣,民宿,番路鄉,陸客(含港澳),2016-Sep,5
嘉義縣,民宿,番路鄉,陸客(含港澳),2016-Oct,70
嘉義縣,民宿,番路鄉,陸客(含港澳),2016-Nov,70
嘉義縣,民宿,番路鄉,陸客(含港澳),2016-Dec,0
嘉義縣,民宿,番路鄉,外籍旅客,2016-Jan,34
嘉義縣,民宿,番路鄉,外籍旅客,2016-Feb,88
嘉義縣,民宿,番路鄉,外籍旅客,2016-Mar,122
嘉義縣,民宿,番路鄉,外籍旅客,2016-Apr,102
嘉義縣,民宿,番路鄉,外籍旅客,2016-May,41
嘉義縣,民宿,番路鄉,外籍旅客,2016-Jun,79
嘉義縣,民宿,番路鄉,外籍旅客,2016-Jul,58
嘉義縣,民宿,番路鄉,外籍旅客,2016-Aug,31
嘉義縣,民宿,番路鄉,外籍旅客,2016-Sep,10
嘉義縣,民宿,番路鄉,外籍旅客,2016-Oct,180
嘉義縣,民宿,番路鄉,外籍旅客,2016-Nov,90
嘉義縣,民宿,番路鄉,外籍旅客,2016-Dec,0
嘉義縣,民宿,番路鄉,個別,2016-Jan,833
嘉義縣,民宿,番路鄉,個別,2016-Feb,1392
嘉義縣,民宿,番路鄉,個別,2016-Mar,1169
嘉義縣,民宿,番路鄉,個別,2016-Apr,1658
嘉義縣,民宿,番路鄉,個別,2016-May,700
嘉義縣,民宿,番路鄉,個別,2016-Jun,883
嘉義縣,民宿,番路鄉,個別,2016-Jul,834
嘉義縣,民宿,番路鄉,個別,2016-Aug,1280
嘉義縣,民宿,番路鄉,個別,2016-Sep,353
嘉義縣,民宿,番路鄉,個別,2016-Oct,667
嘉義縣,民宿,番路鄉,個別,2016-Nov,541
嘉義縣,民宿,番路鄉,個別,2016-Dec,0
嘉義縣,民宿,番路鄉,團體,2016-Jan,128
嘉義縣,民宿,番路鄉,團體,2016-Feb,82
嘉義縣,民宿,番路鄉,團體,2016-Mar,182
嘉義縣,民宿,番路鄉,團體,2016-Apr,125
嘉義縣,民宿,番路鄉,團體,2016-May,134
嘉義縣,民宿,番路鄉,團體,2016-Jun,131
嘉義縣,民宿,番路鄉,團體,2016-Jul,0
嘉義縣,民宿,番路鄉,團體,2016-Aug,0
嘉義縣,民宿,番路鄉,團體,2016-Sep,0
嘉義縣,民宿,番路鄉,團體,2016-Oct,50
嘉義縣,民宿,番路鄉,團體,2016-Nov,60
嘉義縣,民宿,番路鄉,團體,2016-Dec,0
嘉義市,觀光飯店,東區,國內旅客,2016-Jan,5623
嘉義市,觀光飯店,東區,國內旅客,2016-Feb,8193
嘉義市,觀光飯店,東區,國內旅客,2016-Mar,8118
嘉義市,觀光飯店,東區,國內旅客,2016-Apr,8613
嘉義市,觀光飯店,東區,國內旅客,2016-May,9722
嘉義市,觀光飯店,東區,國內旅客,2016-Jun,7048
嘉義市,觀光飯店,東區,國內旅客,2016-Jul,7485
嘉義市,觀光飯店,東區,國內旅客,2016-Aug,5637
嘉義市,觀光飯店,東區,國內旅客,2016-Sep,8564
嘉義市,觀光飯店,東區,國內旅客,2016-Oct,9772
嘉義市,觀光飯店,東區,國內旅客,2016-Nov,9720
嘉義市,觀光飯店,東區,國內旅客,2016-Dec,0
嘉義市,觀光飯店,東區,陸客(含港澳),2016-Jan,3827
嘉義市,觀光飯店,東區,陸客(含港澳),2016-Feb,3351
嘉義市,觀光飯店,東區,陸客(含港澳),2016-Mar,3845
嘉義市,觀光飯店,東區,陸客(含港澳),2016-Apr,4364
嘉義市,觀光飯店,東區,陸客(含港澳),2016-May,3129
嘉義市,觀光飯店,東區,陸客(含港澳),2016-Jun,2853
嘉義市,觀光飯店,東區,陸客(含港澳),2016-Jul,3609
嘉義市,觀光飯店,東區,陸客(含港澳),2016-Aug,2052
嘉義市,觀光飯店,東區,陸客(含港澳),2016-Sep,1220
嘉義市,觀光飯店,東區,陸客(含港澳),2016-Oct,1922
嘉義市,觀光飯店,東區,陸客(含港澳),2016-Nov,1941
嘉義市,觀光飯店,東區,陸客(含港澳),2016-Dec,0
嘉義市,觀光飯店,東區,外籍旅客,2016-Jan,901
嘉義市,觀光飯店,東區,外籍旅客,2016-Feb,1300
嘉義市,觀光飯店,東區,外籍旅客,2016-Mar,2060
嘉義市,觀光飯店,東區,外籍旅客,2016-Apr,1290
嘉義市,觀光飯店,東區,外籍旅客,2016-May,1112
嘉義市,觀光飯店,東區,外籍旅客,2016-Jun,1607
嘉義市,觀光飯店,東區,外籍旅客,2016-Jul,1009
嘉義市,觀光飯店,東區,外籍旅客,2016-Aug,1155
嘉義市,觀光飯店,東區,外籍旅客,2016-Sep,775
嘉義市,觀光飯店,東區,外籍旅客,2016-Oct,1391
嘉義市,觀光飯店,東區,外籍旅客,2016-Nov,1782
嘉義市,觀光飯店,東區,外籍旅客,2016-Dec,0
嘉義市,觀光飯店,東區,個別,2016-Jan,4623
嘉義市,觀光飯店,東區,個別,2016-Feb,7036
嘉義市,觀光飯店,東區,個別,2016-Mar,3530
嘉義市,觀光飯店,東區,個別,2016-Apr,4209
嘉義市,觀光飯店,東區,個別,2016-May,2121
嘉義市,觀光飯店,東區,個別,2016-Jun,5056
嘉義市,觀光飯店,東區,個別,2016-Jul,4468
嘉義市,觀光飯店,東區,個別,2016-Aug,3875
嘉義市,觀光飯店,東區,個別,2016-Sep,2558
嘉義市,觀光飯店,東區,個別,2016-Oct,2720
嘉義市,觀光飯店,東區,個別,2016-Nov,2738
嘉義市,觀光飯店,東區,個別,2016-Dec,0
嘉義市,觀光飯店,東區,團體,2016-Jan,5728
嘉義市,觀光飯店,東區,團體,2016-Feb,5808
嘉義市,觀光飯店,東區,團體,2016-Mar,10493
嘉義市,觀光飯店,東區,團體,2016-Apr,10058
嘉義市,觀光飯店,東區,團體,2016-May,11842
嘉義市,觀光飯店,東區,團體,2016-Jun,6452
嘉義市,觀光飯店,東區,團體,2016-Jul,7635
嘉義市,觀光飯店,東區,團體,2016-Aug,4969
嘉義市,觀光飯店,東區,團體,2016-Sep,8001
嘉義市,觀光飯店,東區,團體,2016-Oct,10365
嘉義市,觀光飯店,東區,團體,2016-Nov,10705
嘉義市,觀光飯店,東區,團體,2016-Dec,0
嘉義市,觀光飯店,西區,國內旅客,2016-Jan,6083
嘉義市,觀光飯店,西區,國內旅客,2016-Feb,7632
嘉義市,觀光飯店,西區,國內旅客,2016-Mar,6571
嘉義市,觀光飯店,西區,國內旅客,2016-Apr,7452
嘉義市,觀光飯店,西區,國內旅客,2016-May,6563
嘉義市,觀光飯店,西區,國內旅客,2016-Jun,6756
嘉義市,觀光飯店,西區,國內旅客,2016-Jul,431
嘉義市,觀光飯店,西區,國內旅客,2016-Aug,374
嘉義市,觀光飯店,西區,國內旅客,2016-Sep,224
嘉義市,觀光飯店,西區,國內旅客,2016-Oct,357
嘉義市,觀光飯店,西區,國內旅客,2016-Nov,445
嘉義市,觀光飯店,西區,國內旅客,2016-Dec,0
嘉義市,旅館,西區,陸客(含港澳),2016-Jan,5204
嘉義市,旅館,西區,陸客(含港澳),2016-Feb,5053
嘉義市,旅館,西區,陸客(含港澳),2016-Mar,5932
嘉義市,旅館,西區,陸客(含港澳),2016-Apr,5912
嘉義市,旅館,西區,陸客(含港澳),2016-May,5298
嘉義市,旅館,西區,陸客(含港澳),2016-Jun,4166
嘉義市,旅館,西區,陸客(含港澳),2016-Jul,3443
嘉義市,旅館,西區,陸客(含港澳),2016-Aug,2988
嘉義市,旅館,西區,陸客(含港澳),2016-Sep,1792
嘉義市,旅館,西區,陸客(含港澳),2016-Oct,2851
嘉義市,旅館,西區,陸客(含港澳),2016-Nov,3563
嘉義市,旅館,西區,陸客(含港澳),2016-Dec,0
嘉義市,旅館,西區,外籍旅客,2016-Jan,42
嘉義市,旅館,西區,外籍旅客,2016-Feb,57
嘉義市,旅館,西區,外籍旅客,2016-Mar,67
嘉義市,旅館,西區,外籍旅客,2016-Apr,35
嘉義市,旅館,西區,外籍旅客,2016-May,46
嘉義市,旅館,西區,外籍旅客,2016-Jun,57
嘉義市,旅館,西區,外籍旅客,2016-Jul,0
嘉義市,旅館,西區,外籍旅客,2016-Aug,0
嘉義市,旅館,西區,外籍旅客,2016-Sep,0
嘉義市,旅館,西區,外籍旅客,2016-Oct,0
嘉義市,旅館,西區,外籍旅客,2016-Nov,0
嘉義市,旅館,西區,外籍旅客,2016-Dec,0
嘉義市,旅館,西區,個別,2016-Jan,6184
嘉義市,旅館,西區,個別,2016-Feb,7611
嘉義市,旅館,西區,個別,2016-Mar,6120
嘉義市,旅館,西區,個別,2016-Apr,7329
嘉義市,旅館,西區,個別,2016-May,5992
嘉義市,旅館,西區,個別,2016-Jun,6510
嘉義市,旅館,西區,個別,2016-Jul,431
嘉義市,旅館,西區,個別,2016-Aug,374
嘉義市,旅館,西區,個別,2016-Sep,224
嘉義市,旅館,西區,個別,2016-Oct,357
嘉義市,旅館,西區,個別,2016-Nov,445
嘉義市,旅館,西區,個別,2016-Dec,0
嘉義市,旅館,西區,團體,2016-Jan,5145
嘉義市,旅館,西區,團體,2016-Feb,5131
嘉義市,旅館,西區,團體,2016-Mar,6450
嘉義市,旅館,西區,團體,2016-Apr,6070
嘉義市,旅館,西區,團體,2016-May,5915
嘉義市,旅館,西區,團體,2016-Jun,4469
嘉義市,旅館,西區,團體,2016-Jul,3443
嘉義市,旅館,西區,團體,2016-Aug,2988
嘉義市,旅館,西區,團體,2016-Sep,1792
嘉義市,旅館,西區,團體,2016-Oct,2851
嘉義市,旅館,西區,團體,2016-Nov,3563
嘉義市,旅館,西區,團體,2016-Dec,0
嘉義市,旅館,東區,國內旅客,2016-Jan,32746
嘉義市,旅館,東區,國內旅客,2016-Feb,40478
嘉義市,旅館,東區,國內旅客,2016-Mar,40217
嘉義市,旅館,東區,國內旅客,2016-Apr,40825
嘉義市,旅館,東區,國內旅客,2016-May,38474
嘉義市,旅館,東區,國內旅客,2016-Jun,39261
嘉義市,旅館,東區,國內旅客,2016-Jul,7939
嘉義市,旅館,東區,國內旅客,2016-Aug,1945
嘉義市,旅館,東區,國內旅客,2016-Sep,1096
嘉義市,旅館,東區,國內旅客,2016-Oct,1206
嘉義市,旅館,東區,國內旅客,2016-Nov,1096
嘉義市,旅館,東區,國內旅客,2016-Dec,0
嘉義市,旅館,東區,陸客(含港澳),2016-Jan,67984
嘉義市,旅館,東區,陸客(含港澳),2016-Feb,66515
嘉義市,旅館,東區,陸客(含港澳),2016-Mar,82597
嘉義市,旅館,東區,陸客(含港澳),2016-Apr,74183
嘉義市,旅館,東區,陸客(含港澳),2016-May,65556
嘉義市,旅館,東區,陸客(含港澳),2016-Jun,49792
嘉義市,旅館,東區,陸客(含港澳),2016-Jul,6674
嘉義市,旅館,東區,陸客(含港澳),2016-Aug,247
嘉義市,旅館,東區,陸客(含港澳),2016-Sep,102
嘉義市,旅館,東區,陸客(含港澳),2016-Oct,192
嘉義市,旅館,東區,陸客(含港澳),2016-Nov,178
嘉義市,旅館,東區,陸客(含港澳),2016-Dec,0
嘉義市,旅館,東區,外籍旅客,2016-Jan,7013
嘉義市,旅館,東區,外籍旅客,2016-Feb,3934
嘉義市,旅館,東區,外籍旅客,2016-Mar,5319
嘉義市,旅館,東區,外籍旅客,2016-Apr,4247
嘉義市,旅館,東區,外籍旅客,2016-May,3654
嘉義市,旅館,東區,外籍旅客,2016-Jun,2172
嘉義市,旅館,東區,外籍旅客,2016-Jul,141
嘉義市,旅館,東區,外籍旅客,2016-Aug,1502
嘉義市,旅館,東區,外籍旅客,2016-Sep,0
嘉義市,旅館,東區,外籍旅客,2016-Oct,0
嘉義市,旅館,東區,外籍旅客,2016-Nov,0
嘉義市,旅館,東區,外籍旅客,2016-Dec,0
嘉義市,旅館,東區,個別,2016-Jan,32543
嘉義市,旅館,東區,個別,2016-Feb,38589
嘉義市,旅館,東區,個別,2016-Mar,35426
嘉義市,旅館,東區,個別,2016-Apr,35071
嘉義市,旅館,東區,個別,2016-May,30625
嘉義市,旅館,東區,個別,2016-Jun,32583
嘉義市,旅館,東區,個別,2016-Jul,7706
嘉義市,旅館,東區,個別,2016-Aug,3458
嘉義市,旅館,東區,個別,2016-Sep,1096
嘉義市,旅館,東區,個別,2016-Oct,1206
嘉義市,旅館,東區,個別,2016-Nov,1096
嘉義市,旅館,東區,個別,2016-Dec,0
嘉義市,旅館,東區,團體,2016-Jan,75200
嘉義市,旅館,東區,團體,2016-Feb,72338
嘉義市,旅館,東區,團體,2016-Mar,92707
嘉義市,旅館,東區,團體,2016-Apr,84184
嘉義市,旅館,東區,團體,2016-May,77059
嘉義市,旅館,東區,團體,2016-Jun,58642
嘉義市,旅館,東區,團體,2016-Jul,7048
嘉義市,旅館,東區,團體,2016-Aug,236
嘉義市,旅館,東區,團體,2016-Sep,102
嘉義市,旅館,東區,團體,2016-Oct,192
嘉義市,旅館,東區,團體,2016-Nov,178
嘉義市,旅館,東區,團體,2016-Dec,0
嘉義市,民宿,西區,國內旅客,2016-Jan,0
嘉義市,民宿,西區,國內旅客,2016-Feb,0
嘉義市,民宿,西區,國內旅客,2016-Mar,0
嘉義市,民宿,西區,國內旅客,2016-Apr,0
嘉義市,民宿,西區,國內旅客,2016-May,0
嘉義市,民宿,西區,國內旅客,2016-Jun,0
嘉義市,民宿,西區,國內旅客,2016-Jul,0
嘉義市,民宿,西區,國內旅客,2016-Aug,0
嘉義市,民宿,西區,國內旅客,2016-Sep,0
嘉義市,民宿,西區,國內旅客,2016-Oct,0
嘉義市,民宿,西區,國內旅客,2016-Nov,0
嘉義市,民宿,西區,國內旅客,2016-Dec,0
嘉義市,民宿,西區,陸客(含港澳),2016-Jan,0
嘉義市,民宿,西區,陸客(含港澳),2016-Feb,0
嘉義市,民宿,西區,陸客(含港澳),2016-Mar,0
嘉義市,民宿,西區,陸客(含港澳),2016-Apr,0
嘉義市,民宿,西區,陸客(含港澳),2016-May,0
嘉義市,民宿,西區,陸客(含港澳),2016-Jun,0
嘉義市,民宿,西區,陸客(含港澳),2016-Jul,0
嘉義市,民宿,西區,陸客(含港澳),2016-Aug,0
嘉義市,民宿,西區,陸客(含港澳),2016-Sep,0
嘉義市,民宿,西區,陸客(含港澳),2016-Oct,0
嘉義市,民宿,西區,陸客(含港澳),2016-Nov,0
嘉義市,民宿,西區,陸客(含港澳),2016-Dec,0
嘉義市,民宿,西區,外籍旅客,2016-Jan,0
嘉義市,民宿,西區,外籍旅客,2016-Feb,0
嘉義市,民宿,西區,外籍旅客,2016-Mar,0
嘉義市,民宿,西區,外籍旅客,2016-Apr,0
嘉義市,民宿,西區,外籍旅客,2016-May,0
嘉義市,民宿,西區,外籍旅客,2016-Jun,0
嘉義市,民宿,西區,外籍旅客,2016-Jul,0
嘉義市,民宿,西區,外籍旅客,2016-Aug,0
嘉義市,民宿,西區,外籍旅客,2016-Sep,0
嘉義市,民宿,西區,外籍旅客,2016-Oct,0
嘉義市,民宿,西區,外籍旅客,2016-Nov,0
嘉義市,民宿,西區,外籍旅客,2016-Dec,0
嘉義市,民宿,西區,個別,2016-Jan,0
嘉義市,民宿,西區,個別,2016-Feb,0
嘉義市,民宿,西區,個別,2016-Mar,0
嘉義市,民宿,西區,個別,2016-Apr,0
嘉義市,民宿,西區,個別,2016-May,0
嘉義市,民宿,西區,個別,2016-Jun,0
嘉義市,民宿,西區,個別,2016-Jul,0
嘉義市,民宿,西區,個別,2016-Aug,0
嘉義市,民宿,西區,個別,2016-Sep,0
嘉義市,民宿,西區,個別,2016-Oct,0
嘉義市,民宿,西區,個別,2016-Nov,0
嘉義市,民宿,西區,個別,2016-Dec,0
嘉義市,民宿,西區,團體,2016-Jan,0
嘉義市,民宿,西區,團體,2016-Feb,0
嘉義市,民宿,西區,團體,2016-Mar,0
嘉義市,民宿,西區,團體,2016-Apr,0
嘉義市,民宿,西區,團體,2016-May,0
嘉義市,民宿,西區,團體,2016-Jun,0
嘉義市,民宿,西區,團體,2016-Jul,0
嘉義市,民宿,西區,團體,2016-Aug,0
嘉義市,民宿,西區,團體,2016-Sep,0
嘉義市,民宿,西區,團體,2016-Oct,0
嘉義市,民宿,西區,團體,2016-Nov,0
嘉義市,民宿,西區,團體,2016-Dec,0
嘉義市,民宿,東區,國內旅客,2016-Jan,0
嘉義市,民宿,東區,國內旅客,2016-Feb,0
嘉義市,民宿,東區,國內旅客,2016-Mar,0
嘉義市,民宿,東區,國內旅客,2016-Apr,0
嘉義市,民宿,東區,國內旅客,2016-May,0
嘉義市,民宿,東區,國內旅客,2016-Jun,0
嘉義市,民宿,東區,國內旅客,2016-Jul,0
嘉義市,民宿,東區,國內旅客,2016-Aug,0
嘉義市,民宿,東區,國內旅客,2016-Sep,0
嘉義市,民宿,東區,國內旅客,2016-Oct,0
嘉義市,民宿,東區,國內旅客,2016-Nov,0
嘉義市,民宿,東區,國內旅客,2016-Dec,0
嘉義市,民宿,東區,陸客(含港澳),2016-Jan,0
嘉義市,民宿,東區,陸客(含港澳),2016-Feb,0
嘉義市,民宿,東區,陸客(含港澳),2016-Mar,0
嘉義市,民宿,東區,陸客(含港澳),2016-Apr,0
嘉義市,民宿,東區,陸客(含港澳),2016-May,0
嘉義市,民宿,東區,陸客(含港澳),2016-Jun,0
嘉義市,民宿,東區,陸客(含港澳),2016-Jul,0
嘉義市,民宿,東區,陸客(含港澳),2016-Aug,0
嘉義市,民宿,東區,陸客(含港澳),2016-Sep,0
嘉義市,民宿,東區,陸客(含港澳),2016-Oct,0
嘉義市,民宿,東區,陸客(含港澳),2016-Nov,0
嘉義市,民宿,東區,陸客(含港澳),2016-Dec,0
嘉義市,民宿,東區,外籍旅客,2016-Jan,0
嘉義市,民宿,東區,外籍旅客,2016-Feb,0
嘉義市,民宿,東區,外籍旅客,2016-Mar,0
嘉義市,民宿,東區,外籍旅客,2016-Apr,0
嘉義市,民宿,東區,外籍旅客,2016-May,0
嘉義市,民宿,東區,外籍旅客,2016-Jun,0
嘉義市,民宿,東區,外籍旅客,2016-Jul,0
嘉義市,民宿,東區,外籍旅客,2016-Aug,0
嘉義市,民宿,東區,外籍旅客,2016-Sep,0
嘉義市,民宿,東區,外籍旅客,2016-Oct,0
嘉義市,民宿,東區,外籍旅客,2016-Nov,0
嘉義市,民宿,東區,外籍旅客,2016-Dec,0
嘉義市,民宿,東區,個別,2016-Jan,0
嘉義市,民宿,東區,個別,2016-Feb,0
嘉義市,民宿,東區,個別,2016-Mar,0
嘉義市,民宿,東區,個別,2016-Apr,0
嘉義市,民宿,東區,個別,2016-May,0
嘉義市,民宿,東區,個別,2016-Jun,0
嘉義市,民宿,東區,個別,2016-Jul,0
嘉義市,民宿,東區,個別,2016-Aug,0
嘉義市,民宿,東區,個別,2016-Sep,0
嘉義市,民宿,東區,個別,2016-Oct,0
嘉義市,民宿,東區,個別,2016-Nov,0
嘉義市,民宿,東區,個別,2016-Dec,0
嘉義市,民宿,東區,團體,2016-Jan,0
嘉義市,民宿,東區,團體,2016-Feb,0
嘉義市,民宿,東區,團體,2016-Mar,0
嘉義市,民宿,東區,團體,2016-Apr,0
嘉義市,民宿,東區,團體,2016-May,0
嘉義市,民宿,東區,團體,2016-Jun,0
嘉義市,民宿,東區,團體,2016-Jul,0
嘉義市,民宿,東區,團體,2016-Aug,0
嘉義市,民宿,東區,團體,2016-Sep,0
嘉義市,民宿,東區,團體,2016-Oct,0
嘉義市,民宿,東區,團體,2016-Nov,0
嘉義市,民宿,東區,團體,2016-Dec,0
高雄市,觀光飯店,鹽埕區,國內旅客,2016-Jan,2880
高雄市,觀光飯店,鹽埕區,國內旅客,2016-Feb,3747
高雄市,觀光飯店,鹽埕區,國內旅客,2016-Mar,1892
高雄市,觀光飯店,鹽埕區,國內旅客,2016-Apr,3494
高雄市,觀光飯店,鹽埕區,國內旅客,2016-May,2627
高雄市,觀光飯店,鹽埕區,國內旅客,2016-Jun,3362
高雄市,觀光飯店,鹽埕區,國內旅客,2016-Jul,3596
高雄市,觀光飯店,鹽埕區,國內旅客,2016-Aug,3072
高雄市,觀光飯店,鹽埕區,國內旅客,2016-Sep,2062
高雄市,觀光飯店,鹽埕區,國內旅客,2016-Oct,3567
高雄市,觀光飯店,鹽埕區,國內旅客,2016-Nov,3936
高雄市,觀光飯店,鹽埕區,國內旅客,2016-Dec,0
高雄市,觀光飯店,鹽埕區,陸客(含港澳),2016-Jan,1208
高雄市,觀光飯店,鹽埕區,陸客(含港澳),2016-Feb,1579
高雄市,觀光飯店,鹽埕區,陸客(含港澳),2016-Mar,1402
高雄市,觀光飯店,鹽埕區,陸客(含港澳),2016-Apr,1411
高雄市,觀光飯店,鹽埕區,陸客(含港澳),2016-May,1372
高雄市,觀光飯店,鹽埕區,陸客(含港澳),2016-Jun,946
高雄市,觀光飯店,鹽埕區,陸客(含港澳),2016-Jul,1354
高雄市,觀光飯店,鹽埕區,陸客(含港澳),2016-Aug,911
高雄市,觀光飯店,鹽埕區,陸客(含港澳),2016-Sep,702
高雄市,觀光飯店,鹽埕區,陸客(含港澳),2016-Oct,354
高雄市,觀光飯店,鹽埕區,陸客(含港澳),2016-Nov,380
高雄市,觀光飯店,鹽埕區,陸客(含港澳),2016-Dec,0
高雄市,觀光飯店,鹽埕區,外籍旅客,2016-Jan,2912
高雄市,觀光飯店,鹽埕區,外籍旅客,2016-Feb,2846
高雄市,觀光飯店,鹽埕區,外籍旅客,2016-Mar,3854
高雄市,觀光飯店,鹽埕區,外籍旅客,2016-Apr,2313
高雄市,觀光飯店,鹽埕區,外籍旅客,2016-May,2650
高雄市,觀光飯店,鹽埕區,外籍旅客,2016-Jun,3294
高雄市,觀光飯店,鹽埕區,外籍旅客,2016-Jul,2087
高雄市,觀光飯店,鹽埕區,外籍旅客,2016-Aug,2942
高雄市,觀光飯店,鹽埕區,外籍旅客,2016-Sep,2679
高雄市,觀光飯店,鹽埕區,外籍旅客,2016-Oct,2610
高雄市,觀光飯店,鹽埕區,外籍旅客,2016-Nov,2541
高雄市,觀光飯店,鹽埕區,外籍旅客,2016-Dec,0
高雄市,觀光飯店,鹽埕區,個別,2016-Jan,3658
高雄市,觀光飯店,鹽埕區,個別,2016-Feb,4437
高雄市,觀光飯店,鹽埕區,個別,2016-Mar,2998
高雄市,觀光飯店,鹽埕區,個別,2016-Apr,3886
高雄市,觀光飯店,鹽埕區,個別,2016-May,2919
高雄市,觀光飯店,鹽埕區,個別,2016-Jun,4790
高雄市,觀光飯店,鹽埕區,個別,2016-Jul,4261
高雄市,觀光飯店,鹽埕區,個別,2016-Aug,3123
高雄市,觀光飯店,鹽埕區,個別,2016-Sep,2403
高雄市,觀光飯店,鹽埕區,個別,2016-Oct,3740
高雄市,觀光飯店,鹽埕區,個別,2016-Nov,3260
高雄市,觀光飯店,鹽埕區,個別,2016-Dec,0
高雄市,觀光飯店,鹽埕區,團體,2016-Jan,3342
高雄市,觀光飯店,鹽埕區,團體,2016-Feb,3735
高雄市,觀光飯店,鹽埕區,團體,2016-Mar,4150
高雄市,觀光飯店,鹽埕區,團體,2016-Apr,3332
高雄市,觀光飯店,鹽埕區,團體,2016-May,3730
高雄市,觀光飯店,鹽埕區,團體,2016-Jun,2812
高雄市,觀光飯店,鹽埕區,團體,2016-Jul,2776
高雄市,觀光飯店,鹽埕區,團體,2016-Aug,3802
高雄市,觀光飯店,鹽埕區,團體,2016-Sep,3040
高雄市,觀光飯店,鹽埕區,團體,2016-Oct,2791
高雄市,觀光飯店,鹽埕區,團體,2016-Nov,3597
高雄市,觀光飯店,鹽埕區,團體,2016-Dec,0
高雄市,觀光飯店,前金區,國內旅客,2016-Jan,3940
高雄市,觀光飯店,前金區,國內旅客,2016-Feb,4582
高雄市,觀光飯店,前金區,國內旅客,2016-Mar,3666
高雄市,觀光飯店,前金區,國內旅客,2016-Apr,4213
高雄市,觀光飯店,前金區,國內旅客,2016-May,4051
高雄市,觀光飯店,前金區,國內旅客,2016-Jun,4146
高雄市,觀光飯店,前金區,國內旅客,2016-Jul,3009
高雄市,觀光飯店,前金區,國內旅客,2016-Aug,3190
高雄市,觀光飯店,前金區,國內旅客,2016-Sep,4202
高雄市,觀光飯店,前金區,國內旅客,2016-Oct,4949
高雄市,觀光飯店,前金區,國內旅客,2016-Nov,4185
高雄市,觀光飯店,前金區,國內旅客,2016-Dec,0
高雄市,觀光飯店,前金區,陸客(含港澳),2016-Jan,4072
高雄市,觀光飯店,前金區,陸客(含港澳),2016-Feb,3850
高雄市,觀光飯店,前金區,陸客(含港澳),2016-Mar,3304
高雄市,觀光飯店,前金區,陸客(含港澳),2016-Apr,3146
高雄市,觀光飯店,前金區,陸客(含港澳),2016-May,3452
高雄市,觀光飯店,前金區,陸客(含港澳),2016-Jun,2391
高雄市,觀光飯店,前金區,陸客(含港澳),2016-Jul,3953
高雄市,觀光飯店,前金區,陸客(含港澳),2016-Aug,3160
高雄市,觀光飯店,前金區,陸客(含港澳),2016-Sep,1383
高雄市,觀光飯店,前金區,陸客(含港澳),2016-Oct,1972
高雄市,觀光飯店,前金區,陸客(含港澳),2016-Nov,2088
高雄市,觀光飯店,前金區,陸客(含港澳),2016-Dec,0
高雄市,觀光飯店,前金區,外籍旅客,2016-Jan,1908
高雄市,觀光飯店,前金區,外籍旅客,2016-Feb,1498
高雄市,觀光飯店,前金區,外籍旅客,2016-Mar,3368
高雄市,觀光飯店,前金區,外籍旅客,2016-Apr,1425
高雄市,觀光飯店,前金區,外籍旅客,2016-May,1182
高雄市,觀光飯店,前金區,外籍旅客,2016-Jun,2139
高雄市,觀光飯店,前金區,外籍旅客,2016-Jul,1771
高雄市,觀光飯店,前金區,外籍旅客,2016-Aug,1802
高雄市,觀光飯店,前金區,外籍旅客,2016-Sep,1696
高雄市,觀光飯店,前金區,外籍旅客,2016-Oct,2083
高雄市,觀光飯店,前金區,外籍旅客,2016-Nov,3580
高雄市,觀光飯店,前金區,外籍旅客,2016-Dec,0
高雄市,觀光飯店,前金區,個別,2016-Jan,2729
高雄市,觀光飯店,前金區,個別,2016-Feb,3902
高雄市,觀光飯店,前金區,個別,2016-Mar,2395
高雄市,觀光飯店,前金區,個別,2016-Apr,2478
高雄市,觀光飯店,前金區,個別,2016-May,1596
高雄市,觀光飯店,前金區,個別,2016-Jun,2329
高雄市,觀光飯店,前金區,個別,2016-Jul,2518
高雄市,觀光飯店,前金區,個別,2016-Aug,2464
高雄市,觀光飯店,前金區,個別,2016-Sep,1363
高雄市,觀光飯店,前金區,個別,2016-Oct,1458
高雄市,觀光飯店,前金區,個別,2016-Nov,1404
高雄市,觀光飯店,前金區,個別,2016-Dec,0
高雄市,觀光飯店,前金區,團體,2016-Jan,7191
高雄市,觀光飯店,前金區,團體,2016-Feb,6028
高雄市,觀光飯店,前金區,團體,2016-Mar,7943
高雄市,觀光飯店,前金區,團體,2016-Apr,6306
高雄市,觀光飯店,前金區,團體,2016-May,7089
高雄市,觀光飯店,前金區,團體,2016-Jun,6347
高雄市,觀光飯店,前金區,團體,2016-Jul,6215
高雄市,觀光飯店,前金區,團體,2016-Aug,5688
高雄市,觀光飯店,前金區,團體,2016-Sep,5918
高雄市,觀光飯店,前金區,團體,2016-Oct,7546
高雄市,觀光飯店,前金區,團體,2016-Nov,8449
高雄市,觀光飯店,前金區,團體,2016-Dec,0
高雄市,觀光飯店,前金區,國內旅客,2016-Jan,5079
高雄市,觀光飯店,前金區,國內旅客,2016-Feb,7245
高雄市,觀光飯店,前金區,國內旅客,2016-Mar,4825
高雄市,觀光飯店,前金區,國內旅客,2016-Apr,5916
高雄市,觀光飯店,前金區,國內旅客,2016-May,6311
高雄市,觀光飯店,前金區,國內旅客,2016-Jun,7073
高雄市,觀光飯店,前金區,國內旅客,2016-Jul,8978
高雄市,觀光飯店,前金區,國內旅客,2016-Aug,8029
高雄市,觀光飯店,前金區,國內旅客,2016-Sep,7562
高雄市,觀光飯店,前金區,國內旅客,2016-Oct,8682
高雄市,觀光飯店,前金區,國內旅客,2016-Nov,8039
高雄市,觀光飯店,前金區,國內旅客,2016-Dec,0
高雄市,觀光飯店,前金區,陸客(含港澳),2016-Jan,4044
高雄市,觀光飯店,前金區,陸客(含港澳),2016-Feb,5729
高雄市,觀光飯店,前金區,陸客(含港澳),2016-Mar,6010
高雄市,觀光飯店,前金區,陸客(含港澳),2016-Apr,5978
高雄市,觀光飯店,前金區,陸客(含港澳),2016-May,5472
高雄市,觀光飯店,前金區,陸客(含港澳),2016-Jun,4272
高雄市,觀光飯店,前金區,陸客(含港澳),2016-Jul,5424
高雄市,觀光飯店,前金區,陸客(含港澳),2016-Aug,4721
高雄市,觀光飯店,前金區,陸客(含港澳),2016-Sep,3255
高雄市,觀光飯店,前金區,陸客(含港澳),2016-Oct,4300
高雄市,觀光飯店,前金區,陸客(含港澳),2016-Nov,3831
高雄市,觀光飯店,前金區,陸客(含港澳),2016-Dec,0
高雄市,觀光飯店,前金區,外籍旅客,2016-Jan,8870
高雄市,觀光飯店,前金區,外籍旅客,2016-Feb,4657
高雄市,觀光飯店,前金區,外籍旅客,2016-Mar,5829
高雄市,觀光飯店,前金區,外籍旅客,2016-Apr,4979
高雄市,觀光飯店,前金區,外籍旅客,2016-May,5051
高雄市,觀光飯店,前金區,外籍旅客,2016-Jun,6179
高雄市,觀光飯店,前金區,外籍旅客,2016-Jul,5117
高雄市,觀光飯店,前金區,外籍旅客,2016-Aug,4437
高雄市,觀光飯店,前金區,外籍旅客,2016-Sep,4327
高雄市,觀光飯店,前金區,外籍旅客,2016-Oct,6558
高雄市,觀光飯店,前金區,外籍旅客,2016-Nov,6424
高雄市,觀光飯店,前金區,外籍旅客,2016-Dec,0
高雄市,觀光飯店,前金區,個別,2016-Jan,7541
高雄市,觀光飯店,前金區,個別,2016-Feb,8783
高雄市,觀光飯店,前金區,個別,2016-Mar,7019
高雄市,觀光飯店,前金區,個別,2016-Apr,7407
高雄市,觀光飯店,前金區,個別,2016-May,6608
高雄市,觀光飯店,前金區,個別,2016-Jun,8446
高雄市,觀光飯店,前金區,個別,2016-Jul,10051
高雄市,觀光飯店,前金區,個別,2016-Aug,9348
高雄市,觀光飯店,前金區,個別,2016-Sep,5919
高雄市,觀光飯店,前金區,個別,2016-Oct,8279
高雄市,觀光飯店,前金區,個別,2016-Nov,8371
高雄市,觀光飯店,前金區,個別,2016-Dec,0
高雄市,觀光飯店,前金區,團體,2016-Jan,10452
高雄市,觀光飯店,前金區,團體,2016-Feb,8848
高雄市,觀光飯店,前金區,團體,2016-Mar,9645
高雄市,觀光飯店,前金區,團體,2016-Apr,9466
高雄市,觀光飯店,前金區,團體,2016-May,10226
高雄市,觀光飯店,前金區,團體,2016-Jun,9078
高雄市,觀光飯店,前金區,團體,2016-Jul,9468
高雄市,觀光飯店,前金區,團體,2016-Aug,7839
高雄市,觀光飯店,前金區,團體,2016-Sep,9225
高雄市,觀光飯店,前金區,團體,2016-Oct,11261
高雄市,觀光飯店,前金區,團體,2016-Nov,9923
高雄市,觀光飯店,前金區,團體,2016-Dec,0
高雄市,觀光飯店,前金區,國內旅客,2016-Jan,6699
高雄市,觀光飯店,前金區,國內旅客,2016-Feb,9008
高雄市,觀光飯店,前金區,國內旅客,2016-Mar,5409
高雄市,觀光飯店,前金區,國內旅客,2016-Apr,6091
高雄市,觀光飯店,前金區,國內旅客,2016-May,5593
高雄市,觀光飯店,前金區,國內旅客,2016-Jun,7302
高雄市,觀光飯店,前金區,國內旅客,2016-Jul,8190
高雄市,觀光飯店,前金區,國內旅客,2016-Aug,10429
高雄市,觀光飯店,前金區,國內旅客,2016-Sep,7059
高雄市,觀光飯店,前金區,國內旅客,2016-Oct,7121
高雄市,觀光飯店,前金區,國內旅客,2016-Nov,6516
高雄市,觀光飯店,前金區,國內旅客,2016-Dec,0
高雄市,觀光飯店,前金區,陸客(含港澳),2016-Jan,2437
高雄市,觀光飯店,前金區,陸客(含港澳),2016-Feb,2742
高雄市,觀光飯店,前金區,陸客(含港澳),2016-Mar,2821
高雄市,觀光飯店,前金區,陸客(含港澳),2016-Apr,2875
高雄市,觀光飯店,前金區,陸客(含港澳),2016-May,2784
高雄市,觀光飯店,前金區,陸客(含港澳),2016-Jun,2225
高雄市,觀光飯店,前金區,陸客(含港澳),2016-Jul,2168
高雄市,觀光飯店,前金區,陸客(含港澳),2016-Aug,2250
高雄市,觀光飯店,前金區,陸客(含港澳),2016-Sep,1751
高雄市,觀光飯店,前金區,陸客(含港澳),2016-Oct,2403
高雄市,觀光飯店,前金區,陸客(含港澳),2016-Nov,2590
高雄市,觀光飯店,前金區,陸客(含港澳),2016-Dec,0
高雄市,觀光飯店,前金區,外籍旅客,2016-Jan,11113
高雄市,觀光飯店,前金區,外籍旅客,2016-Feb,6061
高雄市,觀光飯店,前金區,外籍旅客,2016-Mar,9261
高雄市,觀光飯店,前金區,外籍旅客,2016-Apr,7619
高雄市,觀光飯店,前金區,外籍旅客,2016-May,6674
高雄市,觀光飯店,前金區,外籍旅客,2016-Jun,7272
高雄市,觀光飯店,前金區,外籍旅客,2016-Jul,6542
高雄市,觀光飯店,前金區,外籍旅客,2016-Aug,6411
高雄市,觀光飯店,前金區,外籍旅客,2016-Sep,7373
高雄市,觀光飯店,前金區,外籍旅客,2016-Oct,8072
高雄市,觀光飯店,前金區,外籍旅客,2016-Nov,9295
高雄市,觀光飯店,前金區,外籍旅客,2016-Dec,0
高雄市,觀光飯店,前金區,個別,2016-Jan,13678
高雄市,觀光飯店,前金區,個別,2016-Feb,12605
高雄市,觀光飯店,前金區,個別,2016-Mar,13730
高雄市,觀光飯店,前金區,個別,2016-Apr,13198
高雄市,觀光飯店,前金區,個別,2016-May,11550
高雄市,觀光飯店,前金區,個別,2016-Jun,13332
高雄市,觀光飯店,前金區,個別,2016-Jul,13872
高雄市,觀光飯店,前金區,個別,2016-Aug,15973
高雄市,觀光飯店,前金區,個別,2016-Sep,13200
高雄市,觀光飯店,前金區,個別,2016-Oct,13376
高雄市,觀光飯店,前金區,個別,2016-Nov,13701
高雄市,觀光飯店,前金區,個別,2016-Dec,0
高雄市,觀光飯店,前金區,團體,2016-Jan,6571
高雄市,觀光飯店,前金區,團體,2016-Feb,5206
高雄市,觀光飯店,前金區,團體,2016-Mar,3761
高雄市,觀光飯店,前金區,團體,2016-Apr,3387
高雄市,觀光飯店,前金區,團體,2016-May,3501
高雄市,觀光飯店,前金區,團體,2016-Jun,3467
高雄市,觀光飯店,前金區,團體,2016-Jul,3028
高雄市,觀光飯店,前金區,團體,2016-Aug,3117
高雄市,觀光飯店,前金區,團體,2016-Sep,2983
高雄市,觀光飯店,前金區,團體,2016-Oct,4220
高雄市,觀光飯店,前金區,團體,2016-Nov,4700
高雄市,觀光飯店,前金區,團體,2016-Dec,0
高雄市,觀光飯店,新興區,國內旅客,2016-Jan,4725
高雄市,觀光飯店,新興區,國內旅客,2016-Feb,5469
高雄市,觀光飯店,新興區,國內旅客,2016-Mar,3795
高雄市,觀光飯店,新興區,國內旅客,2016-Apr,4660
高雄市,觀光飯店,新興區,國內旅客,2016-May,4000
高雄市,觀光飯店,新興區,國內旅客,2016-Jun,4519
高雄市,觀光飯店,新興區,國內旅客,2016-Jul,5867
高雄市,觀光飯店,新興區,國內旅客,2016-Aug,5599
高雄市,觀光飯店,新興區,國內旅客,2016-Sep,4680
高雄市,觀光飯店,新興區,國內旅客,2016-Oct,5059
高雄市,觀光飯店,新興區,國內旅客,2016-Nov,4006
高雄市,觀光飯店,新興區,國內旅客,2016-Dec,0
高雄市,觀光飯店,新興區,陸客(含港澳),2016-Jan,1848
高雄市,觀光飯店,新興區,陸客(含港澳),2016-Feb,2490
高雄市,觀光飯店,新興區,陸客(含港澳),2016-Mar,2254
高雄市,觀光飯店,新興區,陸客(含港澳),2016-Apr,2593
高雄市,觀光飯店,新興區,陸客(含港澳),2016-May,2983
高雄市,觀光飯店,新興區,陸客(含港澳),2016-Jun,1928
高雄市,觀光飯店,新興區,陸客(含港澳),2016-Jul,3012
高雄市,觀光飯店,新興區,陸客(含港澳),2016-Aug,2599
高雄市,觀光飯店,新興區,陸客(含港澳),2016-Sep,1376
高雄市,觀光飯店,新興區,陸客(含港澳),2016-Oct,1905
高雄市,觀光飯店,新興區,陸客(含港澳),2016-Nov,1684
高雄市,觀光飯店,新興區,陸客(含港澳),2016-Dec,0
高雄市,觀光飯店,新興區,外籍旅客,2016-Jan,5561
高雄市,觀光飯店,新興區,外籍旅客,2016-Feb,5645
高雄市,觀光飯店,新興區,外籍旅客,2016-Mar,5784
高雄市,觀光飯店,新興區,外籍旅客,2016-Apr,5528
高雄市,觀光飯店,新興區,外籍旅客,2016-May,4883
高雄市,觀光飯店,新興區,外籍旅客,2016-Jun,5493
高雄市,觀光飯店,新興區,外籍旅客,2016-Jul,6480
高雄市,觀光飯店,新興區,外籍旅客,2016-Aug,6281
高雄市,觀光飯店,新興區,外籍旅客,2016-Sep,4984
高雄市,觀光飯店,新興區,外籍旅客,2016-Oct,6277
高雄市,觀光飯店,新興區,外籍旅客,2016-Nov,7893
高雄市,觀光飯店,新興區,外籍旅客,2016-Dec,0
高雄市,觀光飯店,新興區,個別,2016-Jan,8981
高雄市,觀光飯店,新興區,個別,2016-Feb,10923
高雄市,觀光飯店,新興區,個別,2016-Mar,8722
高雄市,觀光飯店,新興區,個別,2016-Apr,9216
高雄市,觀光飯店,新興區,個別,2016-May,7970
高雄市,觀光飯店,新興區,個別,2016-Jun,9230
高雄市,觀光飯店,新興區,個別,2016-Jul,12056
高雄市,觀光飯店,新興區,個別,2016-Aug,12093
高雄市,觀光飯店,新興區,個別,2016-Sep,8958
高雄市,觀光飯店,新興區,個別,2016-Oct,8676
高雄市,觀光飯店,新興區,個別,2016-Nov,9469
高雄市,觀光飯店,新興區,個別,2016-Dec,0
高雄市,觀光飯店,新興區,團體,2016-Jan,3153
高雄市,觀光飯店,新興區,團體,2016-Feb,2681
高雄市,觀光飯店,新興區,團體,2016-Mar,3111
高雄市,觀光飯店,新興區,團體,2016-Apr,3565
高雄市,觀光飯店,新興區,團體,2016-May,3896
高雄市,觀光飯店,新興區,團體,2016-Jun,2710
高雄市,觀光飯店,新興區,團體,2016-Jul,3303
高雄市,觀光飯店,新興區,團體,2016-Aug,2386
高雄市,觀光飯店,新興區,團體,2016-Sep,2082
高雄市,觀光飯店,新興區,團體,2016-Oct,4565
高雄市,觀光飯店,新興區,團體,2016-Nov,4114
高雄市,觀光飯店,新興區,團體,2016-Dec,0
高雄市,觀光飯店,苓雅區,國內旅客,2016-Jan,6927
高雄市,觀光飯店,苓雅區,國內旅客,2016-Feb,8858
高雄市,觀光飯店,苓雅區,國內旅客,2016-Mar,7882
高雄市,觀光飯店,苓雅區,國內旅客,2016-Apr,9148
高雄市,觀光飯店,苓雅區,國內旅客,2016-May,10121
高雄市,觀光飯店,苓雅區,國內旅客,2016-Jun,9630
高雄市,觀光飯店,苓雅區,國內旅客,2016-Jul,8271
高雄市,觀光飯店,苓雅區,國內旅客,2016-Aug,10184
高雄市,觀光飯店,苓雅區,國內旅客,2016-Sep,8354
高雄市,觀光飯店,苓雅區,國內旅客,2016-Oct,11602
高雄市,觀光飯店,苓雅區,國內旅客,2016-Nov,10294
高雄市,觀光飯店,苓雅區,國內旅客,2016-Dec,0
高雄市,觀光飯店,苓雅區,陸客(含港澳),2016-Jan,4606
高雄市,觀光飯店,苓雅區,陸客(含港澳),2016-Feb,6470
高雄市,觀光飯店,苓雅區,陸客(含港澳),2016-Mar,4742
高雄市,觀光飯店,苓雅區,陸客(含港澳),2016-Apr,5271
高雄市,觀光飯店,苓雅區,陸客(含港澳),2016-May,4923
高雄市,觀光飯店,苓雅區,陸客(含港澳),2016-Jun,5066
高雄市,觀光飯店,苓雅區,陸客(含港澳),2016-Jul,5706
高雄市,觀光飯店,苓雅區,陸客(含港澳),2016-Aug,5482
高雄市,觀光飯店,苓雅區,陸客(含港澳),2016-Sep,4322
高雄市,觀光飯店,苓雅區,陸客(含港澳),2016-Oct,4909
高雄市,觀光飯店,苓雅區,陸客(含港澳),2016-Nov,3767
高雄市,觀光飯店,苓雅區,陸客(含港澳),2016-Dec,0
高雄市,觀光飯店,苓雅區,外籍旅客,2016-Jan,9199
高雄市,觀光飯店,苓雅區,外籍旅客,2016-Feb,4205
高雄市,觀光飯店,苓雅區,外籍旅客,2016-Mar,5881
高雄市,觀光飯店,苓雅區,外籍旅客,2016-Apr,3886
高雄市,觀光飯店,苓雅區,外籍旅客,2016-May,3624
高雄市,觀光飯店,苓雅區,外籍旅客,2016-Jun,5357
高雄市,觀光飯店,苓雅區,外籍旅客,2016-Jul,2744
高雄市,觀光飯店,苓雅區,外籍旅客,2016-Aug,2728
高雄市,觀光飯店,苓雅區,外籍旅客,2016-Sep,2951
高雄市,觀光飯店,苓雅區,外籍旅客,2016-Oct,3733
高雄市,觀光飯店,苓雅區,外籍旅客,2016-Nov,9710
高雄市,觀光飯店,苓雅區,外籍旅客,2016-Dec,0
高雄市,觀光飯店,苓雅區,個別,2016-Jan,6823
高雄市,觀光飯店,苓雅區,個別,2016-Feb,7520
高雄市,觀光飯店,苓雅區,個別,2016-Mar,7604
高雄市,觀光飯店,苓雅區,個別,2016-Apr,8187
高雄市,觀光飯店,苓雅區,個別,2016-May,6705
高雄市,觀光飯店,苓雅區,個別,2016-Jun,10231
高雄市,觀光飯店,苓雅區,個別,2016-Jul,7709
高雄市,觀光飯店,苓雅區,個別,2016-Aug,10358
高雄市,觀光飯店,苓雅區,個別,2016-Sep,6632
高雄市,觀光飯店,苓雅區,個別,2016-Oct,8886
高雄市,觀光飯店,苓雅區,個別,2016-Nov,14076
高雄市,觀光飯店,苓雅區,個別,2016-Dec,0
高雄市,觀光飯店,苓雅區,團體,2016-Jan,13909
高雄市,觀光飯店,苓雅區,團體,2016-Feb,12013
高雄市,觀光飯店,苓雅區,團體,2016-Mar,10901
高雄市,觀光飯店,苓雅區,團體,2016-Apr,10118
高雄市,觀光飯店,苓雅區,團體,2016-May,11963
高雄市,觀光飯店,苓雅區,團體,2016-Jun,9822
高雄市,觀光飯店,苓雅區,團體,2016-Jul,9012
高雄市,觀光飯店,苓雅區,團體,2016-Aug,8036
高雄市,觀光飯店,苓雅區,團體,2016-Sep,8995
高雄市,觀光飯店,苓雅區,團體,2016-Oct,11358
高雄市,觀光飯店,苓雅區,團體,2016-Nov,9695
高雄市,觀光飯店,苓雅區,團體,2016-Dec,0
高雄市,觀光飯店,苓雅區,國內旅客,2016-Jan,5402
高雄市,觀光飯店,苓雅區,國內旅客,2016-Feb,6088
高雄市,觀光飯店,苓雅區,國內旅客,2016-Mar,5512
高雄市,觀光飯店,苓雅區,國內旅客,2016-Apr,5173
高雄市,觀光飯店,苓雅區,國內旅客,2016-May,6076
高雄市,觀光飯店,苓雅區,國內旅客,2016-Jun,6629
高雄市,觀光飯店,苓雅區,國內旅客,2016-Jul,7685
高雄市,觀光飯店,苓雅區,國內旅客,2016-Aug,6469
高雄市,觀光飯店,苓雅區,國內旅客,2016-Sep,5960
高雄市,觀光飯店,苓雅區,國內旅客,2016-Oct,8149
高雄市,觀光飯店,苓雅區,國內旅客,2016-Nov,6681
高雄市,觀光飯店,苓雅區,國內旅客,2016-Dec,0
高雄市,觀光飯店,苓雅區,陸客(含港澳),2016-Jan,3843
高雄市,觀光飯店,苓雅區,陸客(含港澳),2016-Feb,4423
高雄市,觀光飯店,苓雅區,陸客(含港澳),2016-Mar,3371
高雄市,觀光飯店,苓雅區,陸客(含港澳),2016-Apr,4588
高雄市,觀光飯店,苓雅區,陸客(含港澳),2016-May,4615
高雄市,觀光飯店,苓雅區,陸客(含港澳),2016-Jun,3446
高雄市,觀光飯店,苓雅區,陸客(含港澳),2016-Jul,3473
高雄市,觀光飯店,苓雅區,陸客(含港澳),2016-Aug,3430
高雄市,觀光飯店,苓雅區,陸客(含港澳),2016-Sep,1704
高雄市,觀光飯店,苓雅區,陸客(含港澳),2016-Oct,3175
高雄市,觀光飯店,苓雅區,陸客(含港澳),2016-Nov,2309
高雄市,觀光飯店,苓雅區,陸客(含港澳),2016-Dec,0
高雄市,觀光飯店,苓雅區,外籍旅客,2016-Jan,3373
高雄市,觀光飯店,苓雅區,外籍旅客,2016-Feb,2150
高雄市,觀光飯店,苓雅區,外籍旅客,2016-Mar,3459
高雄市,觀光飯店,苓雅區,外籍旅客,2016-Apr,3231
高雄市,觀光飯店,苓雅區,外籍旅客,2016-May,2726
高雄市,觀光飯店,苓雅區,外籍旅客,2016-Jun,2841
高雄市,觀光飯店,苓雅區,外籍旅客,2016-Jul,4441
高雄市,觀光飯店,苓雅區,外籍旅客,2016-Aug,2401
高雄市,觀光飯店,苓雅區,外籍旅客,2016-Sep,2121
高雄市,觀光飯店,苓雅區,外籍旅客,2016-Oct,2727
高雄市,觀光飯店,苓雅區,外籍旅客,2016-Nov,5604
高雄市,觀光飯店,苓雅區,外籍旅客,2016-Dec,0
高雄市,觀光飯店,苓雅區,個別,2016-Jan,6911
高雄市,觀光飯店,苓雅區,個別,2016-Feb,7194
高雄市,觀光飯店,苓雅區,個別,2016-Mar,6312
高雄市,觀光飯店,苓雅區,個別,2016-Apr,6307
高雄市,觀光飯店,苓雅區,個別,2016-May,5397
高雄市,觀光飯店,苓雅區,個別,2016-Jun,6421
高雄市,觀光飯店,苓雅區,個別,2016-Jul,7286
高雄市,觀光飯店,苓雅區,個別,2016-Aug,7998
高雄市,觀光飯店,苓雅區,個別,2016-Sep,5862
高雄市,觀光飯店,苓雅區,個別,2016-Oct,7003
高雄市,觀光飯店,苓雅區,個別,2016-Nov,9002
高雄市,觀光飯店,苓雅區,個別,2016-Dec,0
高雄市,觀光飯店,苓雅區,團體,2016-Jan,5707
高雄市,觀光飯店,苓雅區,團體,2016-Feb,5467
高雄市,觀光飯店,苓雅區,團體,2016-Mar,6030
高雄市,觀光飯店,苓雅區,團體,2016-Apr,6685
高雄市,觀光飯店,苓雅區,團體,2016-May,8020
高雄市,觀光飯店,苓雅區,團體,2016-Jun,6495
高雄市,觀光飯店,苓雅區,團體,2016-Jul,8313
高雄市,觀光飯店,苓雅區,團體,2016-Aug,4302
高雄市,觀光飯店,苓雅區,團體,2016-Sep,3923
高雄市,觀光飯店,苓雅區,團體,2016-Oct,7048
高雄市,觀光飯店,苓雅區,團體,2016-Nov,5592
高雄市,觀光飯店,苓雅區,團體,2016-Dec,0
高雄市,觀光飯店,苓雅區,國內旅客,2016-Jan,3283
高雄市,觀光飯店,苓雅區,國內旅客,2016-Feb,4152
高雄市,觀光飯店,苓雅區,國內旅客,2016-Mar,3405
高雄市,觀光飯店,苓雅區,國內旅客,2016-Apr,3375
高雄市,觀光飯店,苓雅區,國內旅客,2016-May,3666
高雄市,觀光飯店,苓雅區,國內旅客,2016-Jun,4172
高雄市,觀光飯店,苓雅區,國內旅客,2016-Jul,6481
高雄市,觀光飯店,苓雅區,國內旅客,2016-Aug,4608
高雄市,觀光飯店,苓雅區,國內旅客,2016-Sep,3659
高雄市,觀光飯店,苓雅區,國內旅客,2016-Oct,4311
高雄市,觀光飯店,苓雅區,國內旅客,2016-Nov,4007
高雄市,觀光飯店,苓雅區,國內旅客,2016-Dec,0
高雄市,觀光飯店,苓雅區,陸客(含港澳),2016-Jan,2429
高雄市,觀光飯店,苓雅區,陸客(含港澳),2016-Feb,2610
高雄市,觀光飯店,苓雅區,陸客(含港澳),2016-Mar,2062
高雄市,觀光飯店,苓雅區,陸客(含港澳),2016-Apr,2998
高雄市,觀光飯店,苓雅區,陸客(含港澳),2016-May,2517
高雄市,觀光飯店,苓雅區,陸客(含港澳),2016-Jun,2122
高雄市,觀光飯店,苓雅區,陸客(含港澳),2016-Jul,2462
高雄市,觀光飯店,苓雅區,陸客(含港澳),2016-Aug,2799
高雄市,觀光飯店,苓雅區,陸客(含港澳),2016-Sep,1098
高雄市,觀光飯店,苓雅區,陸客(含港澳),2016-Oct,1723
高雄市,觀光飯店,苓雅區,陸客(含港澳),2016-Nov,1701
高雄市,觀光飯店,苓雅區,陸客(含港澳),2016-Dec,0
高雄市,觀光飯店,苓雅區,外籍旅客,2016-Jan,2444
高雄市,觀光飯店,苓雅區,外籍旅客,2016-Feb,1732
高雄市,觀光飯店,苓雅區,外籍旅客,2016-Mar,2305
高雄市,觀光飯店,苓雅區,外籍旅客,2016-Apr,2370
高雄市,觀光飯店,苓雅區,外籍旅客,2016-May,1408
高雄市,觀光飯店,苓雅區,外籍旅客,2016-Jun,1362
高雄市,觀光飯店,苓雅區,外籍旅客,2016-Jul,1345
高雄市,觀光飯店,苓雅區,外籍旅客,2016-Aug,1662
高雄市,觀光飯店,苓雅區,外籍旅客,2016-Sep,1141
高雄市,觀光飯店,苓雅區,外籍旅客,2016-Oct,1412
高雄市,觀光飯店,苓雅區,外籍旅客,2016-Nov,3063
高雄市,觀光飯店,苓雅區,外籍旅客,2016-Dec,0
高雄市,觀光飯店,苓雅區,個別,2016-Jan,5678
高雄市,觀光飯店,苓雅區,個別,2016-Feb,6239
高雄市,觀光飯店,苓雅區,個別,2016-Mar,5111
高雄市,觀光飯店,苓雅區,個別,2016-Apr,5837
高雄市,觀光飯店,苓雅區,個別,2016-May,5009
高雄市,觀光飯店,苓雅區,個別,2016-Jun,5273
高雄市,觀光飯店,苓雅區,個別,2016-Jul,7673
高雄市,觀光飯店,苓雅區,個別,2016-Aug,7271
高雄市,觀光飯店,苓雅區,個別,2016-Sep,4838
高雄市,觀光飯店,苓雅區,個別,2016-Oct,5319
高雄市,觀光飯店,苓雅區,個別,2016-Nov,6811
高雄市,觀光飯店,苓雅區,個別,2016-Dec,0
高雄市,觀光飯店,苓雅區,團體,2016-Jan,2478
高雄市,觀光飯店,苓雅區,團體,2016-Feb,2255
高雄市,觀光飯店,苓雅區,團體,2016-Mar,2661
高雄市,觀光飯店,苓雅區,團體,2016-Apr,2906
高雄市,觀光飯店,苓雅區,團體,2016-May,2582
高雄市,觀光飯店,苓雅區,團體,2016-Jun,2383
高雄市,觀光飯店,苓雅區,團體,2016-Jul,2615
高雄市,觀光飯店,苓雅區,團體,2016-Aug,1798
高雄市,觀光飯店,苓雅區,團體,2016-Sep,1060
高雄市,觀光飯店,苓雅區,團體,2016-Oct,2127
高雄市,觀光飯店,苓雅區,團體,2016-Nov,1960
高雄市,觀光飯店,苓雅區,團體,2016-Dec,0
高雄市,觀光飯店,鹽埕區,國內旅客,2016-Jan,4107
高雄市,觀光飯店,鹽埕區,國內旅客,2016-Feb,5427
高雄市,觀光飯店,鹽埕區,國內旅客,2016-Mar,3226
高雄市,觀光飯店,鹽埕區,國內旅客,2016-Apr,3988
高雄市,觀光飯店,鹽埕區,國內旅客,2016-May,5154
高雄市,觀光飯店,鹽埕區,國內旅客,2016-Jun,5789
高雄市,觀光飯店,鹽埕區,國內旅客,2016-Jul,5961
高雄市,觀光飯店,鹽埕區,國內旅客,2016-Aug,5727
高雄市,觀光飯店,鹽埕區,國內旅客,2016-Sep,3894
高雄市,觀光飯店,鹽埕區,國內旅客,2016-Oct,4811
高雄市,觀光飯店,鹽埕區,國內旅客,2016-Nov,4562
高雄市,觀光飯店,鹽埕區,國內旅客,2016-Dec,0
高雄市,觀光飯店,鹽埕區,陸客(含港澳),2016-Jan,3068
高雄市,觀光飯店,鹽埕區,陸客(含港澳),2016-Feb,3201
高雄市,觀光飯店,鹽埕區,陸客(含港澳),2016-Mar,3928
高雄市,觀光飯店,鹽埕區,陸客(含港澳),2016-Apr,3761
高雄市,觀光飯店,鹽埕區,陸客(含港澳),2016-May,3018
高雄市,觀光飯店,鹽埕區,陸客(含港澳),2016-Jun,2337
高雄市,觀光飯店,鹽埕區,陸客(含港澳),2016-Jul,3372
高雄市,觀光飯店,鹽埕區,陸客(含港澳),2016-Aug,1995
高雄市,觀光飯店,鹽埕區,陸客(含港澳),2016-Sep,1078
高雄市,觀光飯店,鹽埕區,陸客(含港澳),2016-Oct,1013
高雄市,觀光飯店,鹽埕區,陸客(含港澳),2016-Nov,1343
高雄市,觀光飯店,鹽埕區,陸客(含港澳),2016-Dec,0
高雄市,觀光飯店,鹽埕區,外籍旅客,2016-Jan,511
高雄市,觀光飯店,鹽埕區,外籍旅客,2016-Feb,381
高雄市,觀光飯店,鹽埕區,外籍旅客,2016-Mar,559
高雄市,觀光飯店,鹽埕區,外籍旅客,2016-Apr,681
高雄市,觀光飯店,鹽埕區,外籍旅客,2016-May,542
高雄市,觀光飯店,鹽埕區,外籍旅客,2016-Jun,983
高雄市,觀光飯店,鹽埕區,外籍旅客,2016-Jul,443
高雄市,觀光飯店,鹽埕區,外籍旅客,2016-Aug,398
高雄市,觀光飯店,鹽埕區,外籍旅客,2016-Sep,457
高雄市,觀光飯店,鹽埕區,外籍旅客,2016-Oct,877
高雄市,觀光飯店,鹽埕區,外籍旅客,2016-Nov,931
高雄市,觀光飯店,鹽埕區,外籍旅客,2016-Dec,0
高雄市,觀光飯店,鹽埕區,個別,2016-Jan,3528
高雄市,觀光飯店,鹽埕區,個別,2016-Feb,4794
高雄市,觀光飯店,鹽埕區,個別,2016-Mar,2238
高雄市,觀光飯店,鹽埕區,個別,2016-Apr,2853
高雄市,觀光飯店,鹽埕區,個別,2016-May,2238
高雄市,觀光飯店,鹽埕區,個別,2016-Jun,3263
高雄市,觀光飯店,鹽埕區,個別,2016-Jul,4194
高雄市,觀光飯店,鹽埕區,個別,2016-Aug,4807
高雄市,觀光飯店,鹽埕區,個別,2016-Sep,1867
高雄市,觀光飯店,鹽埕區,個別,2016-Oct,2447
高雄市,觀光飯店,鹽埕區,個別,2016-Nov,3312
高雄市,觀光飯店,鹽埕區,個別,2016-Dec,0
高雄市,觀光飯店,鹽埕區,團體,2016-Jan,4158
高雄市,觀光飯店,鹽埕區,團體,2016-Feb,4215
高雄市,觀光飯店,鹽埕區,團體,2016-Mar,5475
高雄市,觀光飯店,鹽埕區,團體,2016-Apr,5577
高雄市,觀光飯店,鹽埕區,團體,2016-May,6476
高雄市,觀光飯店,鹽埕區,團體,2016-Jun,5846
高雄市,觀光飯店,鹽埕區,團體,2016-Jul,5582
高雄市,觀光飯店,鹽埕區,團體,2016-Aug,3313
高雄市,觀光飯店,鹽埕區,團體,2016-Sep,3562
高雄市,觀光飯店,鹽埕區,團體,2016-Oct,4254
高雄市,觀光飯店,鹽埕區,團體,2016-Nov,3524
高雄市,觀光飯店,鹽埕區,團體,2016-Dec,0
高雄市,旅館,三民區,國內旅客,2016-Jan,60381
高雄市,旅館,三民區,國內旅客,2016-Feb,70999
高雄市,旅館,三民區,國內旅客,2016-Mar,65804
高雄市,旅館,三民區,國內旅客,2016-Apr,70139
高雄市,旅館,三民區,國內旅客,2016-May,68685
高雄市,旅館,三民區,國內旅客,2016-Jun,67258
高雄市,旅館,三民區,國內旅客,2016-Jul,42264
高雄市,旅館,三民區,國內旅客,2016-Aug,38673
高雄市,旅館,三民區,國內旅客,2016-Sep,35348
高雄市,旅館,三民區,國內旅客,2016-Oct,24273
高雄市,旅館,三民區,國內旅客,2016-Nov,22717
高雄市,旅館,三民區,國內旅客,2016-Dec,0
高雄市,旅館,三民區,陸客(含港澳),2016-Jan,46067
高雄市,旅館,三民區,陸客(含港澳),2016-Feb,42855
高雄市,旅館,三民區,陸客(含港澳),2016-Mar,50396
高雄市,旅館,三民區,陸客(含港澳),2016-Apr,45425
高雄市,旅館,三民區,陸客(含港澳),2016-May,35916
高雄市,旅館,三民區,陸客(含港澳),2016-Jun,28386
高雄市,旅館,三民區,陸客(含港澳),2016-Jul,22561
高雄市,旅館,三民區,陸客(含港澳),2016-Aug,17547
高雄市,旅館,三民區,陸客(含港澳),2016-Sep,13982
高雄市,旅館,三民區,陸客(含港澳),2016-Oct,10999
高雄市,旅館,三民區,陸客(含港澳),2016-Nov,12715
高雄市,旅館,三民區,陸客(含港澳),2016-Dec,0
高雄市,旅館,三民區,外籍旅客,2016-Jan,5032
高雄市,旅館,三民區,外籍旅客,2016-Feb,4816
高雄市,旅館,三民區,外籍旅客,2016-Mar,4484
高雄市,旅館,三民區,外籍旅客,2016-Apr,4468
高雄市,旅館,三民區,外籍旅客,2016-May,3969
高雄市,旅館,三民區,外籍旅客,2016-Jun,4781
高雄市,旅館,三民區,外籍旅客,2016-Jul,2646
高雄市,旅館,三民區,外籍旅客,2016-Aug,3087
高雄市,旅館,三民區,外籍旅客,2016-Sep,2397
高雄市,旅館,三民區,外籍旅客,2016-Oct,2049
高雄市,旅館,三民區,外籍旅客,2016-Nov,4070
高雄市,旅館,三民區,外籍旅客,2016-Dec,0
高雄市,旅館,三民區,個別,2016-Jan,56703
高雄市,旅館,三民區,個別,2016-Feb,65866
高雄市,旅館,三民區,個別,2016-Mar,56713
高雄市,旅館,三民區,個別,2016-Apr,58897
高雄市,旅館,三民區,個別,2016-May,54531
高雄市,旅館,三民區,個別,2016-Jun,61549
高雄市,旅館,三民區,個別,2016-Jul,38545
高雄市,旅館,三民區,個別,2016-Aug,36753
高雄市,旅館,三民區,個別,2016-Sep,30673
高雄市,旅館,三民區,個別,2016-Oct,21783
高雄市,旅館,三民區,個別,2016-Nov,22912
高雄市,旅館,三民區,個別,2016-Dec,0
高雄市,旅館,三民區,團體,2016-Jan,54777
高雄市,旅館,三民區,團體,2016-Feb,52804
高雄市,旅館,三民區,團體,2016-Mar,63971
高雄市,旅館,三民區,團體,2016-Apr,61135
高雄市,旅館,三民區,團體,2016-May,54039
高雄市,旅館,三民區,團體,2016-Jun,38876
高雄市,旅館,三民區,團體,2016-Jul,28926
高雄市,旅館,三民區,團體,2016-Aug,22554
高雄市,旅館,三民區,團體,2016-Sep,21054
高雄市,旅館,三民區,團體,2016-Oct,15538
高雄市,旅館,三民區,團體,2016-Nov,16590
高雄市,旅館,三民區,團體,2016-Dec,0
高雄市,旅館,前金區,國內旅客,2016-Jan,25168
高雄市,旅館,前金區,國內旅客,2016-Feb,33196
高雄市,旅館,前金區,國內旅客,2016-Mar,25040
高雄市,旅館,前金區,國內旅客,2016-Apr,26891
高雄市,旅館,前金區,國內旅客,2016-May,26407
高雄市,旅館,前金區,國內旅客,2016-Jun,29060
高雄市,旅館,前金區,國內旅客,2016-Jul,27572
高雄市,旅館,前金區,國內旅客,2016-Aug,25305
高雄市,旅館,前金區,國內旅客,2016-Sep,19341
高雄市,旅館,前金區,國內旅客,2016-Oct,12952
高雄市,旅館,前金區,國內旅客,2016-Nov,8405
高雄市,旅館,前金區,國內旅客,2016-Dec,0
高雄市,旅館,前金區,陸客(含港澳),2016-Jan,25681
高雄市,旅館,前金區,陸客(含港澳),2016-Feb,26317
高雄市,旅館,前金區,陸客(含港澳),2016-Mar,32268
高雄市,旅館,前金區,陸客(含港澳),2016-Apr,28359
高雄市,旅館,前金區,陸客(含港澳),2016-May,24224
高雄市,旅館,前金區,陸客(含港澳),2016-Jun,17099
高雄市,旅館,前金區,陸客(含港澳),2016-Jul,17578
高雄市,旅館,前金區,陸客(含港澳),2016-Aug,17395
高雄市,旅館,前金區,陸客(含港澳),2016-Sep,12603
高雄市,旅館,前金區,陸客(含港澳),2016-Oct,9779
高雄市,旅館,前金區,陸客(含港澳),2016-Nov,8242
高雄市,旅館,前金區,陸客(含港澳),2016-Dec,0
高雄市,旅館,前金區,外籍旅客,2016-Jan,8728
高雄市,旅館,前金區,外籍旅客,2016-Feb,6795
高雄市,旅館,前金區,外籍旅客,2016-Mar,9826
高雄市,旅館,前金區,外籍旅客,2016-Apr,8756
高雄市,旅館,前金區,外籍旅客,2016-May,9286
高雄市,旅館,前金區,外籍旅客,2016-Jun,7102
高雄市,旅館,前金區,外籍旅客,2016-Jul,7412
高雄市,旅館,前金區,外籍旅客,2016-Aug,6799
高雄市,旅館,前金區,外籍旅客,2016-Sep,4347
高雄市,旅館,前金區,外籍旅客,2016-Oct,4256
高雄市,旅館,前金區,外籍旅客,2016-Nov,6758
高雄市,旅館,前金區,外籍旅客,2016-Dec,0
高雄市,旅館,前金區,個別,2016-Jan,31345
高雄市,旅館,前金區,個別,2016-Feb,38131
高雄市,旅館,前金區,個別,2016-Mar,29500
高雄市,旅館,前金區,個別,2016-Apr,31249
高雄市,旅館,前金區,個別,2016-May,30028
高雄市,旅館,前金區,個別,2016-Jun,33859
高雄市,旅館,前金區,個別,2016-Jul,33805
高雄市,旅館,前金區,個別,2016-Aug,34243
高雄市,旅館,前金區,個別,2016-Sep,22773
高雄市,旅館,前金區,個別,2016-Oct,17262
高雄市,旅館,前金區,個別,2016-Nov,12803
高雄市,旅館,前金區,個別,2016-Dec,0
高雄市,旅館,前金區,團體,2016-Jan,28232
高雄市,旅館,前金區,團體,2016-Feb,28177
高雄市,旅館,前金區,團體,2016-Mar,37634
高雄市,旅館,前金區,團體,2016-Apr,32757
高雄市,旅館,前金區,團體,2016-May,29889
高雄市,旅館,前金區,團體,2016-Jun,19402
高雄市,旅館,前金區,團體,2016-Jul,18757
高雄市,旅館,前金區,團體,2016-Aug,15256
高雄市,旅館,前金區,團體,2016-Sep,13518
高雄市,旅館,前金區,團體,2016-Oct,9725
高雄市,旅館,前金區,團體,2016-Nov,10602
高雄市,旅館,前金區,團體,2016-Dec,0
高雄市,旅館,苓雅區,國內旅客,2016-Jan,33720
高雄市,旅館,苓雅區,國內旅客,2016-Feb,39151
高雄市,旅館,苓雅區,國內旅客,2016-Mar,32934
高雄市,旅館,苓雅區,國內旅客,2016-Apr,35564
高雄市,旅館,苓雅區,國內旅客,2016-May,29717
高雄市,旅館,苓雅區,國內旅客,2016-Jun,31669
高雄市,旅館,苓雅區,國內旅客,2016-Jul,29136
高雄市,旅館,苓雅區,國內旅客,2016-Aug,27411
高雄市,旅館,苓雅區,國內旅客,2016-Sep,21679
高雄市,旅館,苓雅區,國內旅客,2016-Oct,13822
高雄市,旅館,苓雅區,國內旅客,2016-Nov,15201
高雄市,旅館,苓雅區,國內旅客,2016-Dec,0
高雄市,旅館,苓雅區,陸客(含港澳),2016-Jan,14233
高雄市,旅館,苓雅區,陸客(含港澳),2016-Feb,16785
高雄市,旅館,苓雅區,陸客(含港澳),2016-Mar,17525
高雄市,旅館,苓雅區,陸客(含港澳),2016-Apr,15832
高雄市,旅館,苓雅區,陸客(含港澳),2016-May,15750
高雄市,旅館,苓雅區,陸客(含港澳),2016-Jun,12189
高雄市,旅館,苓雅區,陸客(含港澳),2016-Jul,10548
高雄市,旅館,苓雅區,陸客(含港澳),2016-Aug,8291
高雄市,旅館,苓雅區,陸客(含港澳),2016-Sep,8363
高雄市,旅館,苓雅區,陸客(含港澳),2016-Oct,1328
高雄市,旅館,苓雅區,陸客(含港澳),2016-Nov,1478
高雄市,旅館,苓雅區,陸客(含港澳),2016-Dec,0
高雄市,旅館,苓雅區,外籍旅客,2016-Jan,4515
高雄市,旅館,苓雅區,外籍旅客,2016-Feb,3040
高雄市,旅館,苓雅區,外籍旅客,2016-Mar,5280
高雄市,旅館,苓雅區,外籍旅客,2016-Apr,4581
高雄市,旅館,苓雅區,外籍旅客,2016-May,4572
高雄市,旅館,苓雅區,外籍旅客,2016-Jun,5566
高雄市,旅館,苓雅區,外籍旅客,2016-Jul,2542
高雄市,旅館,苓雅區,外籍旅客,2016-Aug,1890
高雄市,旅館,苓雅區,外籍旅客,2016-Sep,1980
高雄市,旅館,苓雅區,外籍旅客,2016-Oct,269
高雄市,旅館,苓雅區,外籍旅客,2016-Nov,303
高雄市,旅館,苓雅區,外籍旅客,2016-Dec,0
高雄市,旅館,苓雅區,個別,2016-Jan,36397
高雄市,旅館,苓雅區,個別,2016-Feb,40408
高雄市,旅館,苓雅區,個別,2016-Mar,36480
高雄市,旅館,苓雅區,個別,2016-Apr,38284
高雄市,旅館,苓雅區,個別,2016-May,32155
高雄市,旅館,苓雅區,個別,2016-Jun,34595
高雄市,旅館,苓雅區,個別,2016-Jul,30541
高雄市,旅館,苓雅區,個別,2016-Aug,28375
高雄市,旅館,苓雅區,個別,2016-Sep,23083
高雄市,旅館,苓雅區,個別,2016-Oct,13473
高雄市,旅館,苓雅區,個別,2016-Nov,15181
高雄市,旅館,苓雅區,個別,2016-Dec,0
高雄市,旅館,苓雅區,團體,2016-Jan,16071
高雄市,旅館,苓雅區,團體,2016-Feb,18568
高雄市,旅館,苓雅區,團體,2016-Mar,19259
高雄市,旅館,苓雅區,團體,2016-Apr,17693
高雄市,旅館,苓雅區,團體,2016-May,17884
高雄市,旅館,苓雅區,團體,2016-Jun,14829
高雄市,旅館,苓雅區,團體,2016-Jul,11685
高雄市,旅館,苓雅區,團體,2016-Aug,9217
高雄市,旅館,苓雅區,團體,2016-Sep,8939
高雄市,旅館,苓雅區,團體,2016-Oct,1946
高雄市,旅館,苓雅區,團體,2016-Nov,1801
高雄市,旅館,苓雅區,團體,2016-Dec,0
高雄市,旅館,鹽埕區,國內旅客,2016-Jan,20050
高雄市,旅館,鹽埕區,國內旅客,2016-Feb,33676
高雄市,旅館,鹽埕區,國內旅客,2016-Mar,26807
高雄市,旅館,鹽埕區,國內旅客,2016-Apr,28068
高雄市,旅館,鹽埕區,國內旅客,2016-May,27536
高雄市,旅館,鹽埕區,國內旅客,2016-Jun,33046
高雄市,旅館,鹽埕區,國內旅客,2016-Jul,40276
高雄市,旅館,鹽埕區,國內旅客,2016-Aug,35197
高雄市,旅館,鹽埕區,國內旅客,2016-Sep,27388
高雄市,旅館,鹽埕區,國內旅客,2016-Oct,24697
高雄市,旅館,鹽埕區,國內旅客,2016-Nov,17785
高雄市,旅館,鹽埕區,國內旅客,2016-Dec,0
高雄市,旅館,鹽埕區,陸客(含港澳),2016-Jan,26243
高雄市,旅館,鹽埕區,陸客(含港澳),2016-Feb,23754
高雄市,旅館,鹽埕區,陸客(含港澳),2016-Mar,28432
高雄市,旅館,鹽埕區,陸客(含港澳),2016-Apr,27739
高雄市,旅館,鹽埕區,陸客(含港澳),2016-May,24791
高雄市,旅館,鹽埕區,陸客(含港澳),2016-Jun,16450
高雄市,旅館,鹽埕區,陸客(含港澳),2016-Jul,10624
高雄市,旅館,鹽埕區,陸客(含港澳),2016-Aug,10013
高雄市,旅館,鹽埕區,陸客(含港澳),2016-Sep,6556
高雄市,旅館,鹽埕區,陸客(含港澳),2016-Oct,7051
高雄市,旅館,鹽埕區,陸客(含港澳),2016-Nov,5413
高雄市,旅館,鹽埕區,陸客(含港澳),2016-Dec,0
高雄市,旅館,鹽埕區,外籍旅客,2016-Jan,3675
高雄市,旅館,鹽埕區,外籍旅客,2016-Feb,3187
高雄市,旅館,鹽埕區,外籍旅客,2016-Mar,5070
高雄市,旅館,鹽埕區,外籍旅客,2016-Apr,4618
高雄市,旅館,鹽埕區,外籍旅客,2016-May,4047
高雄市,旅館,鹽埕區,外籍旅客,2016-Jun,4437
高雄市,旅館,鹽埕區,外籍旅客,2016-Jul,3120
高雄市,旅館,鹽埕區,外籍旅客,2016-Aug,2810
高雄市,旅館,鹽埕區,外籍旅客,2016-Sep,2644
高雄市,旅館,鹽埕區,外籍旅客,2016-Oct,2064
高雄市,旅館,鹽埕區,外籍旅客,2016-Nov,2230
高雄市,旅館,鹽埕區,外籍旅客,2016-Dec,0
高雄市,旅館,鹽埕區,個別,2016-Jan,23604
高雄市,旅館,鹽埕區,個別,2016-Feb,31209
高雄市,旅館,鹽埕區,個別,2016-Mar,21062
高雄市,旅館,鹽埕區,個別,2016-Apr,22306
高雄市,旅館,鹽埕區,個別,2016-May,22102
高雄市,旅館,鹽埕區,個別,2016-Jun,27696
高雄市,旅館,鹽埕區,個別,2016-Jul,37051
高雄市,旅館,鹽埕區,個別,2016-Aug,34763
高雄市,旅館,鹽埕區,個別,2016-Sep,21871
高雄市,旅館,鹽埕區,個別,2016-Oct,18539
高雄市,旅館,鹽埕區,個別,2016-Nov,12598
高雄市,旅館,鹽埕區,個別,2016-Dec,0
高雄市,旅館,鹽埕區,團體,2016-Jan,26364
高雄市,旅館,鹽埕區,團體,2016-Feb,29408
高雄市,旅館,鹽埕區,團體,2016-Mar,39247
高雄市,旅館,鹽埕區,團體,2016-Apr,38119
高雄市,旅館,鹽埕區,團體,2016-May,34272
高雄市,旅館,鹽埕區,團體,2016-Jun,26237
高雄市,旅館,鹽埕區,團體,2016-Jul,16969
高雄市,旅館,鹽埕區,團體,2016-Aug,13257
高雄市,旅館,鹽埕區,團體,2016-Sep,14717
高雄市,旅館,鹽埕區,團體,2016-Oct,15273
高雄市,旅館,鹽埕區,團體,2016-Nov,12830
高雄市,旅館,鹽埕區,團體,2016-Dec,0
高雄市,旅館,新興區,國內旅客,2016-Jan,46756
高雄市,旅館,新興區,國內旅客,2016-Feb,59745
高雄市,旅館,新興區,國內旅客,2016-Mar,54688
高雄市,旅館,新興區,國內旅客,2016-Apr,59133
高雄市,旅館,新興區,國內旅客,2016-May,58855
高雄市,旅館,新興區,國內旅客,2016-Jun,57837
高雄市,旅館,新興區,國內旅客,2016-Jul,43773
高雄市,旅館,新興區,國內旅客,2016-Aug,38339
高雄市,旅館,新興區,國內旅客,2016-Sep,37123
高雄市,旅館,新興區,國內旅客,2016-Oct,20094
高雄市,旅館,新興區,國內旅客,2016-Nov,18465
高雄市,旅館,新興區,國內旅客,2016-Dec,0
高雄市,旅館,新興區,陸客(含港澳),2016-Jan,32299
高雄市,旅館,新興區,陸客(含港澳),2016-Feb,34681
高雄市,旅館,新興區,陸客(含港澳),2016-Mar,37049
高雄市,旅館,新興區,陸客(含港澳),2016-Apr,34406
高雄市,旅館,新興區,陸客(含港澳),2016-May,30533
高雄市,旅館,新興區,陸客(含港澳),2016-Jun,23583
高雄市,旅館,新興區,陸客(含港澳),2016-Jul,24637
高雄市,旅館,新興區,陸客(含港澳),2016-Aug,19560
高雄市,旅館,新興區,陸客(含港澳),2016-Sep,13066
高雄市,旅館,新興區,陸客(含港澳),2016-Oct,4871
高雄市,旅館,新興區,陸客(含港澳),2016-Nov,3817
高雄市,旅館,新興區,陸客(含港澳),2016-Dec,0
高雄市,旅館,新興區,外籍旅客,2016-Jan,9166
高雄市,旅館,新興區,外籍旅客,2016-Feb,7762
高雄市,旅館,新興區,外籍旅客,2016-Mar,11278
高雄市,旅館,新興區,外籍旅客,2016-Apr,7757
高雄市,旅館,新興區,外籍旅客,2016-May,8913
高雄市,旅館,新興區,外籍旅客,2016-Jun,9525
高雄市,旅館,新興區,外籍旅客,2016-Jul,8614
高雄市,旅館,新興區,外籍旅客,2016-Aug,9590
高雄市,旅館,新興區,外籍旅客,2016-Sep,8792
高雄市,旅館,新興區,外籍旅客,2016-Oct,3088
高雄市,旅館,新興區,外籍旅客,2016-Nov,4285
高雄市,旅館,新興區,外籍旅客,2016-Dec,0
高雄市,旅館,新興區,個別,2016-Jan,47796
高雄市,旅館,新興區,個別,2016-Feb,56669
高雄市,旅館,新興區,個別,2016-Mar,45807
高雄市,旅館,新興區,個別,2016-Apr,48499
高雄市,旅館,新興區,個別,2016-May,44807
高雄市,旅館,新興區,個別,2016-Jun,53025
高雄市,旅館,新興區,個別,2016-Jul,45249
高雄市,旅館,新興區,個別,2016-Aug,44495
高雄市,旅館,新興區,個別,2016-Sep,34350
高雄市,旅館,新興區,個別,2016-Oct,14574
高雄市,旅館,新興區,個別,2016-Nov,13928
高雄市,旅館,新興區,個別,2016-Dec,0
高雄市,旅館,新興區,團體,2016-Jan,40425
高雄市,旅館,新興區,團體,2016-Feb,45519
高雄市,旅館,新興區,團體,2016-Mar,57208
高雄市,旅館,新興區,團體,2016-Apr,52797
高雄市,旅館,新興區,團體,2016-May,53494
高雄市,旅館,新興區,團體,2016-Jun,37920
高雄市,旅館,新興區,團體,2016-Jul,31775
高雄市,旅館,新興區,團體,2016-Aug,22994
高雄市,旅館,新興區,團體,2016-Sep,24631
高雄市,旅館,新興區,團體,2016-Oct,13479
高雄市,旅館,新興區,團體,2016-Nov,12639
高雄市,旅館,新興區,團體,2016-Dec,0
高雄市,民宿,三民區,國內旅客,2016-Jan,0
高雄市,民宿,三民區,國內旅客,2016-Feb,0
高雄市,民宿,三民區,國內旅客,2016-Mar,0
高雄市,民宿,三民區,國內旅客,2016-Apr,0
高雄市,民宿,三民區,國內旅客,2016-May,0
高雄市,民宿,三民區,國內旅客,2016-Jun,0
高雄市,民宿,三民區,國內旅客,2016-Jul,0
高雄市,民宿,三民區,國內旅客,2016-Aug,0
高雄市,民宿,三民區,國內旅客,2016-Sep,0
高雄市,民宿,三民區,國內旅客,2016-Oct,0
高雄市,民宿,三民區,國內旅客,2016-Nov,0
高雄市,民宿,三民區,國內旅客,2016-Dec,0
高雄市,民宿,三民區,陸客(含港澳),2016-Jan,0
高雄市,民宿,三民區,陸客(含港澳),2016-Feb,0
高雄市,民宿,三民區,陸客(含港澳),2016-Mar,0
高雄市,民宿,三民區,陸客(含港澳),2016-Apr,0
高雄市,民宿,三民區,陸客(含港澳),2016-May,0
高雄市,民宿,三民區,陸客(含港澳),2016-Jun,0
高雄市,民宿,三民區,陸客(含港澳),2016-Jul,0
高雄市,民宿,三民區,陸客(含港澳),2016-Aug,0
高雄市,民宿,三民區,陸客(含港澳),2016-Sep,0
高雄市,民宿,三民區,陸客(含港澳),2016-Oct,0
高雄市,民宿,三民區,陸客(含港澳),2016-Nov,0
高雄市,民宿,三民區,陸客(含港澳),2016-Dec,0
高雄市,民宿,三民區,外籍旅客,2016-Jan,0
高雄市,民宿,三民區,外籍旅客,2016-Feb,0
高雄市,民宿,三民區,外籍旅客,2016-Mar,0
高雄市,民宿,三民區,外籍旅客,2016-Apr,0
高雄市,民宿,三民區,外籍旅客,2016-May,0
高雄市,民宿,三民區,外籍旅客,2016-Jun,0
高雄市,民宿,三民區,外籍旅客,2016-Jul,0
高雄市,民宿,三民區,外籍旅客,2016-Aug,0
高雄市,民宿,三民區,外籍旅客,2016-Sep,0
高雄市,民宿,三民區,外籍旅客,2016-Oct,0
高雄市,民宿,三民區,外籍旅客,2016-Nov,0
高雄市,民宿,三民區,外籍旅客,2016-Dec,0
高雄市,民宿,三民區,個別,2016-Jan,0
高雄市,民宿,三民區,個別,2016-Feb,0
高雄市,民宿,三民區,個別,2016-Mar,0
高雄市,民宿,三民區,個別,2016-Apr,0
高雄市,民宿,三民區,個別,2016-May,0
高雄市,民宿,三民區,個別,2016-Jun,0
高雄市,民宿,三民區,個別,2016-Jul,0
高雄市,民宿,三民區,個別,2016-Aug,0
高雄市,民宿,三民區,個別,2016-Sep,0
高雄市,民宿,三民區,個別,2016-Oct,0
高雄市,民宿,三民區,個別,2016-Nov,0
高雄市,民宿,三民區,個別,2016-Dec,0
高雄市,民宿,三民區,團體,2016-Jan,0
高雄市,民宿,三民區,團體,2016-Feb,0
高雄市,民宿,三民區,團體,2016-Mar,0
高雄市,民宿,三民區,團體,2016-Apr,0
高雄市,民宿,三民區,團體,2016-May,0
高雄市,民宿,三民區,團體,2016-Jun,0
高雄市,民宿,三民區,團體,2016-Jul,0
高雄市,民宿,三民區,團體,2016-Aug,0
高雄市,民宿,三民區,團體,2016-Sep,0
高雄市,民宿,三民區,團體,2016-Oct,0
高雄市,民宿,三民區,團體,2016-Nov,0
高雄市,民宿,三民區,團體,2016-Dec,0
高雄市,民宿,前金區,國內旅客,2016-Jan,0
高雄市,民宿,前金區,國內旅客,2016-Feb,0
高雄市,民宿,前金區,國內旅客,2016-Mar,0
高雄市,民宿,前金區,國內旅客,2016-Apr,0
高雄市,民宿,前金區,國內旅客,2016-May,0
高雄市,民宿,前金區,國內旅客,2016-Jun,0
高雄市,民宿,前金區,國內旅客,2016-Jul,0
高雄市,民宿,前金區,國內旅客,2016-Aug,0
高雄市,民宿,前金區,國內旅客,2016-Sep,0
高雄市,民宿,前金區,國內旅客,2016-Oct,0
高雄市,民宿,前金區,國內旅客,2016-Nov,0
高雄市,民宿,前金區,國內旅客,2016-Dec,0
高雄市,民宿,前金區,陸客(含港澳),2016-Jan,0
高雄市,民宿,前金區,陸客(含港澳),2016-Feb,0
高雄市,民宿,前金區,陸客(含港澳),2016-Mar,0
高雄市,民宿,前金區,陸客(含港澳),2016-Apr,0
高雄市,民宿,前金區,陸客(含港澳),2016-May,0
高雄市,民宿,前金區,陸客(含港澳),2016-Jun,0
高雄市,民宿,前金區,陸客(含港澳),2016-Jul,0
高雄市,民宿,前金區,陸客(含港澳),2016-Aug,0
高雄市,民宿,前金區,陸客(含港澳),2016-Sep,0
高雄市,民宿,前金區,陸客(含港澳),2016-Oct,0
高雄市,民宿,前金區,陸客(含港澳),2016-Nov,0
高雄市,民宿,前金區,陸客(含港澳),2016-Dec,0
高雄市,民宿,前金區,外籍旅客,2016-Jan,0
高雄市,民宿,前金區,外籍旅客,2016-Feb,0
高雄市,民宿,前金區,外籍旅客,2016-Mar,0
高雄市,民宿,前金區,外籍旅客,2016-Apr,0
高雄市,民宿,前金區,外籍旅客,2016-May,0
高雄市,民宿,前金區,外籍旅客,2016-Jun,0
高雄市,民宿,前金區,外籍旅客,2016-Jul,0
高雄市,民宿,前金區,外籍旅客,2016-Aug,0
高雄市,民宿,前金區,外籍旅客,2016-Sep,0
高雄市,民宿,前金區,外籍旅客,2016-Oct,0
高雄市,民宿,前金區,外籍旅客,2016-Nov,0
高雄市,民宿,前金區,外籍旅客,2016-Dec,0
高雄市,民宿,前金區,個別,2016-Jan,0
高雄市,民宿,前金區,個別,2016-Feb,0
高雄市,民宿,前金區,個別,2016-Mar,0
高雄市,民宿,前金區,個別,2016-Apr,0
高雄市,民宿,前金區,個別,2016-May,0
高雄市,民宿,前金區,個別,2016-Jun,0
高雄市,民宿,前金區,個別,2016-Jul,0
高雄市,民宿,前金區,個別,2016-Aug,0
高雄市,民宿,前金區,個別,2016-Sep,0
高雄市,民宿,前金區,個別,2016-Oct,0
高雄市,民宿,前金區,個別,2016-Nov,0
高雄市,民宿,前金區,個別,2016-Dec,0
高雄市,民宿,前金區,團體,2016-Jan,0
高雄市,民宿,前金區,團體,2016-Feb,0
高雄市,民宿,前金區,團體,2016-Mar,0
高雄市,民宿,前金區,團體,2016-Apr,0
高雄市,民宿,前金區,團體,2016-May,0
高雄市,民宿,前金區,團體,2016-Jun,0
高雄市,民宿,前金區,團體,2016-Jul,0
高雄市,民宿,前金區,團體,2016-Aug,0
高雄市,民宿,前金區,團體,2016-Sep,0
高雄市,民宿,前金區,團體,2016-Oct,0
高雄市,民宿,前金區,團體,2016-Nov,0
高雄市,民宿,前金區,團體,2016-Dec,0
高雄市,民宿,苓雅區,國內旅客,2016-Jan,0
高雄市,民宿,苓雅區,國內旅客,2016-Feb,0
高雄市,民宿,苓雅區,國內旅客,2016-Mar,0
高雄市,民宿,苓雅區,國內旅客,2016-Apr,0
高雄市,民宿,苓雅區,國內旅客,2016-May,0
高雄市,民宿,苓雅區,國內旅客,2016-Jun,0
高雄市,民宿,苓雅區,國內旅客,2016-Jul,0
高雄市,民宿,苓雅區,國內旅客,2016-Aug,0
高雄市,民宿,苓雅區,國內旅客,2016-Sep,0
高雄市,民宿,苓雅區,國內旅客,2016-Oct,0
高雄市,民宿,苓雅區,國內旅客,2016-Nov,0
高雄市,民宿,苓雅區,國內旅客,2016-Dec,0
高雄市,民宿,苓雅區,陸客(含港澳),2016-Jan,0
高雄市,民宿,苓雅區,陸客(含港澳),2016-Feb,0
高雄市,民宿,苓雅區,陸客(含港澳),2016-Mar,0
高雄市,民宿,苓雅區,陸客(含港澳),2016-Apr,0
高雄市,民宿,苓雅區,陸客(含港澳),2016-May,0
高雄市,民宿,苓雅區,陸客(含港澳),2016-Jun,0
高雄市,民宿,苓雅區,陸客(含港澳),2016-Jul,0
高雄市,民宿,苓雅區,陸客(含港澳),2016-Aug,0
高雄市,民宿,苓雅區,陸客(含港澳),2016-Sep,0
高雄市,民宿,苓雅區,陸客(含港澳),2016-Oct,0
高雄市,民宿,苓雅區,陸客(含港澳),2016-Nov,0
高雄市,民宿,苓雅區,陸客(含港澳),2016-Dec,0
高雄市,民宿,苓雅區,外籍旅客,2016-Jan,0
高雄市,民宿,苓雅區,外籍旅客,2016-Feb,0
高雄市,民宿,苓雅區,外籍旅客,2016-Mar,0
高雄市,民宿,苓雅區,外籍旅客,2016-Apr,0
高雄市,民宿,苓雅區,外籍旅客,2016-May,0
高雄市,民宿,苓雅區,外籍旅客,2016-Jun,0
高雄市,民宿,苓雅區,外籍旅客,2016-Jul,0
高雄市,民宿,苓雅區,外籍旅客,2016-Aug,0
高雄市,民宿,苓雅區,外籍旅客,2016-Sep,0
高雄市,民宿,苓雅區,外籍旅客,2016-Oct,0
高雄市,民宿,苓雅區,外籍旅客,2016-Nov,0
高雄市,民宿,苓雅區,外籍旅客,2016-Dec,0
高雄市,民宿,苓雅區,個別,2016-Jan,0
高雄市,民宿,苓雅區,個別,2016-Feb,0
高雄市,民宿,苓雅區,個別,2016-Mar,0
高雄市,民宿,苓雅區,個別,2016-Apr,0
高雄市,民宿,苓雅區,個別,2016-May,0
高雄市,民宿,苓雅區,個別,2016-Jun,0
高雄市,民宿,苓雅區,個別,2016-Jul,0
高雄市,民宿,苓雅區,個別,2016-Aug,0
高雄市,民宿,苓雅區,個別,2016-Sep,0
高雄市,民宿,苓雅區,個別,2016-Oct,0
高雄市,民宿,苓雅區,個別,2016-Nov,0
高雄市,民宿,苓雅區,個別,2016-Dec,0
高雄市,民宿,苓雅區,團體,2016-Jan,0
高雄市,民宿,苓雅區,團體,2016-Feb,0
高雄市,民宿,苓雅區,團體,2016-Mar,0
高雄市,民宿,苓雅區,團體,2016-Apr,0
高雄市,民宿,苓雅區,團體,2016-May,0
高雄市,民宿,苓雅區,團體,2016-Jun,0
高雄市,民宿,苓雅區,團體,2016-Jul,0
高雄市,民宿,苓雅區,團體,2016-Aug,0
高雄市,民宿,苓雅區,團體,2016-Sep,0
高雄市,民宿,苓雅區,團體,2016-Oct,0
高雄市,民宿,苓雅區,團體,2016-Nov,0
高雄市,民宿,苓雅區,團體,2016-Dec,0
高雄市,民宿,鹽埕區,國內旅客,2016-Jan,0
高雄市,民宿,鹽埕區,國內旅客,2016-Feb,0
高雄市,民宿,鹽埕區,國內旅客,2016-Mar,0
高雄市,民宿,鹽埕區,國內旅客,2016-Apr,0
高雄市,民宿,鹽埕區,國內旅客,2016-May,0
高雄市,民宿,鹽埕區,國內旅客,2016-Jun,0
高雄市,民宿,鹽埕區,國內旅客,2016-Jul,0
高雄市,民宿,鹽埕區,國內旅客,2016-Aug,0
高雄市,民宿,鹽埕區,國內旅客,2016-Sep,0
高雄市,民宿,鹽埕區,國內旅客,2016-Oct,0
高雄市,民宿,鹽埕區,國內旅客,2016-Nov,0
高雄市,民宿,鹽埕區,國內旅客,2016-Dec,0
高雄市,民宿,鹽埕區,陸客(含港澳),2016-Jan,0
高雄市,民宿,鹽埕區,陸客(含港澳),2016-Feb,0
高雄市,民宿,鹽埕區,陸客(含港澳),2016-Mar,0
高雄市,民宿,鹽埕區,陸客(含港澳),2016-Apr,0
高雄市,民宿,鹽埕區,陸客(含港澳),2016-May,0
高雄市,民宿,鹽埕區,陸客(含港澳),2016-Jun,0
高雄市,民宿,鹽埕區,陸客(含港澳),2016-Jul,0
高雄市,民宿,鹽埕區,陸客(含港澳),2016-Aug,0
高雄市,民宿,鹽埕區,陸客(含港澳),2016-Sep,0
高雄市,民宿,鹽埕區,陸客(含港澳),2016-Oct,0
高雄市,民宿,鹽埕區,陸客(含港澳),2016-Nov,0
高雄市,民宿,鹽埕區,陸客(含港澳),2016-Dec,0
高雄市,民宿,鹽埕區,外籍旅客,2016-Jan,0
高雄市,民宿,鹽埕區,外籍旅客,2016-Feb,0
高雄市,民宿,鹽埕區,外籍旅客,2016-Mar,0
高雄市,民宿,鹽埕區,外籍旅客,2016-Apr,0
高雄市,民宿,鹽埕區,外籍旅客,2016-May,0
高雄市,民宿,鹽埕區,外籍旅客,2016-Jun,0
高雄市,民宿,鹽埕區,外籍旅客,2016-Jul,0
高雄市,民宿,鹽埕區,外籍旅客,2016-Aug,0
高雄市,民宿,鹽埕區,外籍旅客,2016-Sep,0
高雄市,民宿,鹽埕區,外籍旅客,2016-Oct,0
高雄市,民宿,鹽埕區,外籍旅客,2016-Nov,0
高雄市,民宿,鹽埕區,外籍旅客,2016-Dec,0
高雄市,民宿,鹽埕區,個別,2016-Jan,0
高雄市,民宿,鹽埕區,個別,2016-Feb,0
高雄市,民宿,鹽埕區,個別,2016-Mar,0
高雄市,民宿,鹽埕區,個別,2016-Apr,0
高雄市,民宿,鹽埕區,個別,2016-May,0
高雄市,民宿,鹽埕區,個別,2016-Jun,0
高雄市,民宿,鹽埕區,個別,2016-Jul,0
高雄市,民宿,鹽埕區,個別,2016-Aug,0
高雄市,民宿,鹽埕區,個別,2016-Sep,0
高雄市,民宿,鹽埕區,個別,2016-Oct,0
高雄市,民宿,鹽埕區,個別,2016-Nov,0
高雄市,民宿,鹽埕區,個別,2016-Dec,0
高雄市,民宿,鹽埕區,團體,2016-Jan,0
高雄市,民宿,鹽埕區,團體,2016-Feb,0
高雄市,民宿,鹽埕區,團體,2016-Mar,0
高雄市,民宿,鹽埕區,團體,2016-Apr,0
高雄市,民宿,鹽埕區,團體,2016-May,0
高雄市,民宿,鹽埕區,團體,2016-Jun,0
高雄市,民宿,鹽埕區,團體,2016-Jul,0
高雄市,民宿,鹽埕區,團體,2016-Aug,0
高雄市,民宿,鹽埕區,團體,2016-Sep,0
高雄市,民宿,鹽埕區,團體,2016-Oct,0
高雄市,民宿,鹽埕區,團體,2016-Nov,0
高雄市,民宿,鹽埕區,團體,2016-Dec,0
高雄市,民宿,新興區,國內旅客,2016-Jan,0
高雄市,民宿,新興區,國內旅客,2016-Feb,0
高雄市,民宿,新興區,國內旅客,2016-Mar,0
高雄市,民宿,新興區,國內旅客,2016-Apr,0
高雄市,民宿,新興區,國內旅客,2016-May,0
高雄市,民宿,新興區,國內旅客,2016-Jun,0
高雄市,民宿,新興區,國內旅客,2016-Jul,0
高雄市,民宿,新興區,國內旅客,2016-Aug,0
高雄市,民宿,新興區,國內旅客,2016-Sep,0
高雄市,民宿,新興區,國內旅客,2016-Oct,0
高雄市,民宿,新興區,國內旅客,2016-Nov,0
高雄市,民宿,新興區,國內旅客,2016-Dec,0
高雄市,民宿,新興區,陸客(含港澳),2016-Jan,0
高雄市,民宿,新興區,陸客(含港澳),2016-Feb,0
高雄市,民宿,新興區,陸客(含港澳),2016-Mar,0
高雄市,民宿,新興區,陸客(含港澳),2016-Apr,0
高雄市,民宿,新興區,陸客(含港澳),2016-May,0
高雄市,民宿,新興區,陸客(含港澳),2016-Jun,0
高雄市,民宿,新興區,陸客(含港澳),2016-Jul,0
高雄市,民宿,新興區,陸客(含港澳),2016-Aug,0
高雄市,民宿,新興區,陸客(含港澳),2016-Sep,0
高雄市,民宿,新興區,陸客(含港澳),2016-Oct,0
高雄市,民宿,新興區,陸客(含港澳),2016-Nov,0
高雄市,民宿,新興區,陸客(含港澳),2016-Dec,0
高雄市,民宿,新興區,外籍旅客,2016-Jan,0
高雄市,民宿,新興區,外籍旅客,2016-Feb,0
高雄市,民宿,新興區,外籍旅客,2016-Mar,0
高雄市,民宿,新興區,外籍旅客,2016-Apr,0
高雄市,民宿,新興區,外籍旅客,2016-May,0
高雄市,民宿,新興區,外籍旅客,2016-Jun,0
高雄市,民宿,新興區,外籍旅客,2016-Jul,0
高雄市,民宿,新興區,外籍旅客,2016-Aug,0
高雄市,民宿,新興區,外籍旅客,2016-Sep,0
高雄市,民宿,新興區,外籍旅客,2016-Oct,0
高雄市,民宿,新興區,外籍旅客,2016-Nov,0
高雄市,民宿,新興區,外籍旅客,2016-Dec,0
高雄市,民宿,新興區,個別,2016-Jan,0
高雄市,民宿,新興區,個別,2016-Feb,0
高雄市,民宿,新興區,個別,2016-Mar,0
高雄市,民宿,新興區,個別,2016-Apr,0
高雄市,民宿,新興區,個別,2016-May,0
高雄市,民宿,新興區,個別,2016-Jun,0
高雄市,民宿,新興區,個別,2016-Jul,0
高雄市,民宿,新興區,個別,2016-Aug,0
高雄市,民宿,新興區,個別,2016-Sep,0
高雄市,民宿,新興區,個別,2016-Oct,0
高雄市,民宿,新興區,個別,2016-Nov,0
高雄市,民宿,新興區,個別,2016-Dec,0
高雄市,民宿,新興區,團體,2016-Jan,0
高雄市,民宿,新興區,團體,2016-Feb,0
高雄市,民宿,新興區,團體,2016-Mar,0
高雄市,民宿,新興區,團體,2016-Apr,0
高雄市,民宿,新興區,團體,2016-May,0
高雄市,民宿,新興區,團體,2016-Jun,0
高雄市,民宿,新興區,團體,2016-Jul,0
高雄市,民宿,新興區,團體,2016-Aug,0
高雄市,民宿,新興區,團體,2016-Sep,0
高雄市,民宿,新興區,團體,2016-Oct,0
高雄市,民宿,新興區,團體,2016-Nov,0
高雄市,民宿,新興區,團體,2016-Dec,0
南投縣,觀光飯店,魚池鄉,國內旅客,2016-Jan,3704
南投縣,觀光飯店,魚池鄉,國內旅客,2016-Feb,4366
南投縣,觀光飯店,魚池鄉,國內旅客,2016-Mar,3426
南投縣,觀光飯店,魚池鄉,國內旅客,2016-Apr,3258
南投縣,觀光飯店,魚池鄉,國內旅客,2016-May,3462
南投縣,觀光飯店,魚池鄉,國內旅客,2016-Jun,3565
南投縣,觀光飯店,魚池鄉,國內旅客,2016-Jul,3883
南投縣,觀光飯店,魚池鄉,國內旅客,2016-Aug,3665
南投縣,觀光飯店,魚池鄉,國內旅客,2016-Sep,3139
南投縣,觀光飯店,魚池鄉,國內旅客,2016-Oct,3539
南投縣,觀光飯店,魚池鄉,國內旅客,2016-Nov,3025
南投縣,觀光飯店,魚池鄉,國內旅客,2016-Dec,0
南投縣,觀光飯店,魚池鄉,陸客(含港澳),2016-Jan,211
南投縣,觀光飯店,魚池鄉,陸客(含港澳),2016-Feb,168
南投縣,觀光飯店,魚池鄉,陸客(含港澳),2016-Mar,183
南投縣,觀光飯店,魚池鄉,陸客(含港澳),2016-Apr,246
南投縣,觀光飯店,魚池鄉,陸客(含港澳),2016-May,283
南投縣,觀光飯店,魚池鄉,陸客(含港澳),2016-Jun,164
南投縣,觀光飯店,魚池鄉,陸客(含港澳),2016-Jul,360
南投縣,觀光飯店,魚池鄉,陸客(含港澳),2016-Aug,340
南投縣,觀光飯店,魚池鄉,陸客(含港澳),2016-Sep,275
南投縣,觀光飯店,魚池鄉,陸客(含港澳),2016-Oct,386
南投縣,觀光飯店,魚池鄉,陸客(含港澳),2016-Nov,349
南投縣,觀光飯店,魚池鄉,陸客(含港澳),2016-Dec,0
南投縣,觀光飯店,魚池鄉,外籍旅客,2016-Jan,700
南投縣,觀光飯店,魚池鄉,外籍旅客,2016-Feb,440
南投縣,觀光飯店,魚池鄉,外籍旅客,2016-Mar,853
南投縣,觀光飯店,魚池鄉,外籍旅客,2016-Apr,1036
南投縣,觀光飯店,魚池鄉,外籍旅客,2016-May,1018
南投縣,觀光飯店,魚池鄉,外籍旅客,2016-Jun,890
南投縣,觀光飯店,魚池鄉,外籍旅客,2016-Jul,1061
南投縣,觀光飯店,魚池鄉,外籍旅客,2016-Aug,951
南投縣,觀光飯店,魚池鄉,外籍旅客,2016-Sep,1003
南投縣,觀光飯店,魚池鄉,外籍旅客,2016-Oct,1104
南投縣,觀光飯店,魚池鄉,外籍旅客,2016-Nov,1347
南投縣,觀光飯店,魚池鄉,外籍旅客,2016-Dec,0
南投縣,觀光飯店,魚池鄉,個別,2016-Jan,3914
南投縣,觀光飯店,魚池鄉,個別,2016-Feb,4805
南投縣,觀光飯店,魚池鄉,個別,2016-Mar,3603
南投縣,觀光飯店,魚池鄉,個別,2016-Apr,3795
南投縣,觀光飯店,魚池鄉,個別,2016-May,3965
南投縣,觀光飯店,魚池鄉,個別,2016-Jun,4013
南投縣,觀光飯店,魚池鄉,個別,2016-Jul,4433
南投縣,觀光飯店,魚池鄉,個別,2016-Aug,4012
南投縣,觀光飯店,魚池鄉,個別,2016-Sep,3745
南投縣,觀光飯店,魚池鄉,個別,2016-Oct,3978
南投縣,觀光飯店,魚池鄉,個別,2016-Nov,3107
南投縣,觀光飯店,魚池鄉,個別,2016-Dec,0
南投縣,觀光飯店,魚池鄉,團體,2016-Jan,701
南投縣,觀光飯店,魚池鄉,團體,2016-Feb,169
南投縣,觀光飯店,魚池鄉,團體,2016-Mar,859
南投縣,觀光飯店,魚池鄉,團體,2016-Apr,745
南投縣,觀光飯店,魚池鄉,團體,2016-May,798
南投縣,觀光飯店,魚池鄉,團體,2016-Jun,606
南投縣,觀光飯店,魚池鄉,團體,2016-Jul,871
南投縣,觀光飯店,魚池鄉,團體,2016-Aug,944
南投縣,觀光飯店,魚池鄉,團體,2016-Sep,672
南投縣,觀光飯店,魚池鄉,團體,2016-Oct,1051
南投縣,觀光飯店,魚池鄉,團體,2016-Nov,1614
南投縣,觀光飯店,魚池鄉,團體,2016-Dec,0
南投縣,觀光飯店,魚池鄉,國內旅客,2016-Jan,10506
南投縣,觀光飯店,魚池鄉,國內旅客,2016-Feb,11286
南投縣,觀光飯店,魚池鄉,國內旅客,2016-Mar,8471
南投縣,觀光飯店,魚池鄉,國內旅客,2016-Apr,8926
南投縣,觀光飯店,魚池鄉,國內旅客,2016-May,8886
南投縣,觀光飯店,魚池鄉,國內旅客,2016-Jun,10518
南投縣,觀光飯店,魚池鄉,國內旅客,2016-Jul,12598
南投縣,觀光飯店,魚池鄉,國內旅客,2016-Aug,11927
南投縣,觀光飯店,魚池鄉,國內旅客,2016-Sep,10025
南投縣,觀光飯店,魚池鄉,國內旅客,2016-Oct,10478
南投縣,觀光飯店,魚池鄉,國內旅客,2016-Nov,10040
南投縣,觀光飯店,魚池鄉,國內旅客,2016-Dec,0
南投縣,觀光飯店,魚池鄉,陸客(含港澳),2016-Jan,924
南投縣,觀光飯店,魚池鄉,陸客(含港澳),2016-Feb,1001
南投縣,觀光飯店,魚池鄉,陸客(含港澳),2016-Mar,1516
南投縣,觀光飯店,魚池鄉,陸客(含港澳),2016-Apr,1151
南投縣,觀光飯店,魚池鄉,陸客(含港澳),2016-May,1290
南投縣,觀光飯店,魚池鄉,陸客(含港澳),2016-Jun,1087
南投縣,觀光飯店,魚池鄉,陸客(含港澳),2016-Jul,1278
南投縣,觀光飯店,魚池鄉,陸客(含港澳),2016-Aug,1222
南投縣,觀光飯店,魚池鄉,陸客(含港澳),2016-Sep,1026
南投縣,觀光飯店,魚池鄉,陸客(含港澳),2016-Oct,1430
南投縣,觀光飯店,魚池鄉,陸客(含港澳),2016-Nov,1049
南投縣,觀光飯店,魚池鄉,陸客(含港澳),2016-Dec,0
南投縣,觀光飯店,魚池鄉,外籍旅客,2016-Jan,925
南投縣,觀光飯店,魚池鄉,外籍旅客,2016-Feb,1041
南投縣,觀光飯店,魚池鄉,外籍旅客,2016-Mar,1284
南投縣,觀光飯店,魚池鄉,外籍旅客,2016-Apr,1336
南投縣,觀光飯店,魚池鄉,外籍旅客,2016-May,1153
南投縣,觀光飯店,魚池鄉,外籍旅客,2016-Jun,869
南投縣,觀光飯店,魚池鄉,外籍旅客,2016-Jul,901
南投縣,觀光飯店,魚池鄉,外籍旅客,2016-Aug,1010
南投縣,觀光飯店,魚池鄉,外籍旅客,2016-Sep,765
南投縣,觀光飯店,魚池鄉,外籍旅客,2016-Oct,1294
南投縣,觀光飯店,魚池鄉,外籍旅客,2016-Nov,1653
南投縣,觀光飯店,魚池鄉,外籍旅客,2016-Dec,0
南投縣,觀光飯店,魚池鄉,個別,2016-Jan,6241
南投縣,觀光飯店,魚池鄉,個別,2016-Feb,9919
南投縣,觀光飯店,魚池鄉,個別,2016-Mar,4546
南投縣,觀光飯店,魚池鄉,個別,2016-Apr,5421
南投縣,觀光飯店,魚池鄉,個別,2016-May,4308
南投縣,觀光飯店,魚池鄉,個別,2016-Jun,6257
南投縣,觀光飯店,魚池鄉,個別,2016-Jul,8654
南投縣,觀光飯店,魚池鄉,個別,2016-Aug,7683
南投縣,觀光飯店,魚池鄉,個別,2016-Sep,5409
南投縣,觀光飯店,魚池鄉,個別,2016-Oct,5244
南投縣,觀光飯店,魚池鄉,個別,2016-Nov,5282
南投縣,觀光飯店,魚池鄉,個別,2016-Dec,0
南投縣,觀光飯店,魚池鄉,團體,2016-Jan,6114
南投縣,觀光飯店,魚池鄉,團體,2016-Feb,3409
南投縣,觀光飯店,魚池鄉,團體,2016-Mar,6725
南投縣,觀光飯店,魚池鄉,團體,2016-Apr,5992
南投縣,觀光飯店,魚池鄉,團體,2016-May,7021
南投縣,觀光飯店,魚池鄉,團體,2016-Jun,6217
南投縣,觀光飯店,魚池鄉,團體,2016-Jul,6123
南投縣,觀光飯店,魚池鄉,團體,2016-Aug,6476
南投縣,觀光飯店,魚池鄉,團體,2016-Sep,6407
南投縣,觀光飯店,魚池鄉,團體,2016-Oct,7958
南投縣,觀光飯店,魚池鄉,團體,2016-Nov,7460
南投縣,觀光飯店,魚池鄉,團體,2016-Dec,0
南投縣,觀光飯店,魚池鄉,國內旅客,2016-Jan,2387
南投縣,觀光飯店,魚池鄉,國內旅客,2016-Feb,2973
南投縣,觀光飯店,魚池鄉,國內旅客,2016-Mar,1392
南投縣,觀光飯店,魚池鄉,國內旅客,2016-Apr,1892
南投縣,觀光飯店,魚池鄉,國內旅客,2016-May,1570
南投縣,觀光飯店,魚池鄉,國內旅客,2016-Jun,1915
南投縣,觀光飯店,魚池鄉,國內旅客,2016-Jul,2909
南投縣,觀光飯店,魚池鄉,國內旅客,2016-Aug,3020
南投縣,觀光飯店,魚池鄉,國內旅客,2016-Sep,2003
南投縣,觀光飯店,魚池鄉,國內旅客,2016-Oct,2937
南投縣,觀光飯店,魚池鄉,國內旅客,2016-Nov,2586
南投縣,觀光飯店,魚池鄉,國內旅客,2016-Dec,0
南投縣,觀光飯店,魚池鄉,陸客(含港澳),2016-Jan,91
南投縣,觀光飯店,魚池鄉,陸客(含港澳),2016-Feb,370
南投縣,觀光飯店,魚池鄉,陸客(含港澳),2016-Mar,105
南投縣,觀光飯店,魚池鄉,陸客(含港澳),2016-Apr,173
南投縣,觀光飯店,魚池鄉,陸客(含港澳),2016-May,106
南投縣,觀光飯店,魚池鄉,陸客(含港澳),2016-Jun,60
南投縣,觀光飯店,魚池鄉,陸客(含港澳),2016-Jul,83
南投縣,觀光飯店,魚池鄉,陸客(含港澳),2016-Aug,109
南投縣,觀光飯店,魚池鄉,陸客(含港澳),2016-Sep,45
南投縣,觀光飯店,魚池鄉,陸客(含港澳),2016-Oct,152
南投縣,觀光飯店,魚池鄉,陸客(含港澳),2016-Nov,0
南投縣,觀光飯店,魚池鄉,陸客(含港澳),2016-Dec,0
南投縣,觀光飯店,魚池鄉,外籍旅客,2016-Jan,42
南投縣,觀光飯店,魚池鄉,外籍旅客,2016-Feb,41
南投縣,觀光飯店,魚池鄉,外籍旅客,2016-Mar,38
南投縣,觀光飯店,魚池鄉,外籍旅客,2016-Apr,147
南投縣,觀光飯店,魚池鄉,外籍旅客,2016-May,67
南投縣,觀光飯店,魚池鄉,外籍旅客,2016-Jun,78
南投縣,觀光飯店,魚池鄉,外籍旅客,2016-Jul,79
南投縣,觀光飯店,魚池鄉,外籍旅客,2016-Aug,40
南投縣,觀光飯店,魚池鄉,外籍旅客,2016-Sep,20
南投縣,觀光飯店,魚池鄉,外籍旅客,2016-Oct,64
南投縣,觀光飯店,魚池鄉,外籍旅客,2016-Nov,34
南投縣,觀光飯店,魚池鄉,外籍旅客,2016-Dec,0
南投縣,觀光飯店,魚池鄉,個別,2016-Jan,1450
南投縣,觀光飯店,魚池鄉,個別,2016-Feb,2368
南投縣,觀光飯店,魚池鄉,個別,2016-Mar,998
南投縣,觀光飯店,魚池鄉,個別,2016-Apr,1438
南投縣,觀光飯店,魚池鄉,個別,2016-May,190
南投縣,觀光飯店,魚池鄉,個別,2016-Jun,1057
南投縣,觀光飯店,魚池鄉,個別,2016-Jul,2394
南投縣,觀光飯店,魚池鄉,個別,2016-Aug,2503
南投縣,觀光飯店,魚池鄉,個別,2016-Sep,1590
南投縣,觀光飯店,魚池鄉,個別,2016-Oct,1975
南投縣,觀光飯店,魚池鄉,個別,2016-Nov,1857
南投縣,觀光飯店,魚池鄉,個別,2016-Dec,0
南投縣,觀光飯店,魚池鄉,團體,2016-Jan,1070
南投縣,觀光飯店,魚池鄉,團體,2016-Feb,1016
南投縣,觀光飯店,魚池鄉,團體,2016-Mar,537
南投縣,觀光飯店,魚池鄉,團體,2016-Apr,774
南投縣,觀光飯店,魚池鄉,團體,2016-May,1553
南投縣,觀光飯店,魚池鄉,團體,2016-Jun,996
南投縣,觀光飯店,魚池鄉,團體,2016-Jul,677
南投縣,觀光飯店,魚池鄉,團體,2016-Aug,666
南投縣,觀光飯店,魚池鄉,團體,2016-Sep,478
南投縣,觀光飯店,魚池鄉,團體,2016-Oct,1178
南投縣,觀光飯店,魚池鄉,團體,2016-Nov,763
南投縣,觀光飯店,魚池鄉,團體,2016-Dec,0
南投縣,旅館,魚池鄉,國內旅客,2016-Jan,19649
南投縣,旅館,魚池鄉,國內旅客,2016-Feb,23806
南投縣,旅館,魚池鄉,國內旅客,2016-Mar,15917
南投縣,旅館,魚池鄉,國內旅客,2016-Apr,20418
南投縣,旅館,魚池鄉,國內旅客,2016-May,17538
南投縣,旅館,魚池鄉,國內旅客,2016-Jun,20578
南投縣,旅館,魚池鄉,國內旅客,2016-Jul,9976
南投縣,旅館,魚池鄉,國內旅客,2016-Aug,8589
南投縣,旅館,魚池鄉,國內旅客,2016-Sep,6458
南投縣,旅館,魚池鄉,國內旅客,2016-Oct,9762
南投縣,旅館,魚池鄉,國內旅客,2016-Nov,9720
南投縣,旅館,魚池鄉,國內旅客,2016-Dec,0
南投縣,旅館,魚池鄉,陸客(含港澳),2016-Jan,9819
南投縣,旅館,魚池鄉,陸客(含港澳),2016-Feb,10388
南投縣,旅館,魚池鄉,陸客(含港澳),2016-Mar,10037
南投縣,旅館,魚池鄉,陸客(含港澳),2016-Apr,10283
南投縣,旅館,魚池鄉,陸客(含港澳),2016-May,9600
南投縣,旅館,魚池鄉,陸客(含港澳),2016-Jun,7164
南投縣,旅館,魚池鄉,陸客(含港澳),2016-Jul,4328
南投縣,旅館,魚池鄉,陸客(含港澳),2016-Aug,3139
南投縣,旅館,魚池鄉,陸客(含港澳),2016-Sep,1674
南投縣,旅館,魚池鄉,陸客(含港澳),2016-Oct,2217
南投縣,旅館,魚池鄉,陸客(含港澳),2016-Nov,1904
南投縣,旅館,魚池鄉,陸客(含港澳),2016-Dec,0
南投縣,旅館,魚池鄉,外籍旅客,2016-Jan,1134
南投縣,旅館,魚池鄉,外籍旅客,2016-Feb,976
南投縣,旅館,魚池鄉,外籍旅客,2016-Mar,2139
南投縣,旅館,魚池鄉,外籍旅客,2016-Apr,1711
南投縣,旅館,魚池鄉,外籍旅客,2016-May,1449
南投縣,旅館,魚池鄉,外籍旅客,2016-Jun,1672
南投縣,旅館,魚池鄉,外籍旅客,2016-Jul,1407
南投縣,旅館,魚池鄉,外籍旅客,2016-Aug,777
南投縣,旅館,魚池鄉,外籍旅客,2016-Sep,717
南投縣,旅館,魚池鄉,外籍旅客,2016-Oct,1320
南投縣,旅館,魚池鄉,外籍旅客,2016-Nov,1678
南投縣,旅館,魚池鄉,外籍旅客,2016-Dec,0
南投縣,旅館,魚池鄉,個別,2016-Jan,16545
南投縣,旅館,魚池鄉,個別,2016-Feb,21896
南投縣,旅館,魚池鄉,個別,2016-Mar,11175
南投縣,旅館,魚池鄉,個別,2016-Apr,14775
南投縣,旅館,魚池鄉,個別,2016-May,12143
南投縣,旅館,魚池鄉,個別,2016-Jun,14281
南投縣,旅館,魚池鄉,個別,2016-Jul,9024
南投縣,旅館,魚池鄉,個別,2016-Aug,7742
南投縣,旅館,魚池鄉,個別,2016-Sep,4815
南投縣,旅館,魚池鄉,個別,2016-Oct,6875
南投縣,旅館,魚池鄉,個別,2016-Nov,6410
南投縣,旅館,魚池鄉,個別,2016-Dec,0
南投縣,旅館,魚池鄉,團體,2016-Jan,14057
南投縣,旅館,魚池鄉,團體,2016-Feb,13274
南投縣,旅館,魚池鄉,團體,2016-Mar,16918
南投縣,旅館,魚池鄉,團體,2016-Apr,17637
南投縣,旅館,魚池鄉,團體,2016-May,16444
南投縣,旅館,魚池鄉,團體,2016-Jun,15133
南投縣,旅館,魚池鄉,團體,2016-Jul,6687
南投縣,旅館,魚池鄉,團體,2016-Aug,4763
南投縣,旅館,魚池鄉,團體,2016-Sep,4034
南投縣,旅館,魚池鄉,團體,2016-Oct,6424
南投縣,旅館,魚池鄉,團體,2016-Nov,6892
南投縣,旅館,魚池鄉,團體,2016-Dec,0
南投縣,民宿,魚池鄉,國內旅客,2016-Jan,5976
南投縣,民宿,魚池鄉,國內旅客,2016-Feb,7764
南投縣,民宿,魚池鄉,國內旅客,2016-Mar,4732
南投縣,民宿,魚池鄉,國內旅客,2016-Apr,5178
南投縣,民宿,魚池鄉,國內旅客,2016-May,4308
南投縣,民宿,魚池鄉,國內旅客,2016-Jun,7569
南投縣,民宿,魚池鄉,國內旅客,2016-Jul,3315
南投縣,民宿,魚池鄉,國內旅客,2016-Aug,3322
南投縣,民宿,魚池鄉,國內旅客,2016-Sep,2489
南投縣,民宿,魚池鄉,國內旅客,2016-Oct,2979
南投縣,民宿,魚池鄉,國內旅客,2016-Nov,2650
南投縣,民宿,魚池鄉,國內旅客,2016-Dec,0
南投縣,民宿,魚池鄉,陸客(含港澳),2016-Jan,602
南投縣,民宿,魚池鄉,陸客(含港澳),2016-Feb,810
南投縣,民宿,魚池鄉,陸客(含港澳),2016-Mar,713
南投縣,民宿,魚池鄉,陸客(含港澳),2016-Apr,619
南投縣,民宿,魚池鄉,陸客(含港澳),2016-May,605
南投縣,民宿,魚池鄉,陸客(含港澳),2016-Jun,568
南投縣,民宿,魚池鄉,陸客(含港澳),2016-Jul,375
南投縣,民宿,魚池鄉,陸客(含港澳),2016-Aug,295
南投縣,民宿,魚池鄉,陸客(含港澳),2016-Sep,214
南投縣,民宿,魚池鄉,陸客(含港澳),2016-Oct,239
南投縣,民宿,魚池鄉,陸客(含港澳),2016-Nov,235
南投縣,民宿,魚池鄉,陸客(含港澳),2016-Dec,0
南投縣,民宿,魚池鄉,外籍旅客,2016-Jan,453
南投縣,民宿,魚池鄉,外籍旅客,2016-Feb,591
南投縣,民宿,魚池鄉,外籍旅客,2016-Mar,571
南投縣,民宿,魚池鄉,外籍旅客,2016-Apr,498
南投縣,民宿,魚池鄉,外籍旅客,2016-May,607
南投縣,民宿,魚池鄉,外籍旅客,2016-Jun,467
南投縣,民宿,魚池鄉,外籍旅客,2016-Jul,236
南投縣,民宿,魚池鄉,外籍旅客,2016-Aug,260
南投縣,民宿,魚池鄉,外籍旅客,2016-Sep,229
南投縣,民宿,魚池鄉,外籍旅客,2016-Oct,225
南投縣,民宿,魚池鄉,外籍旅客,2016-Nov,274
南投縣,民宿,魚池鄉,外籍旅客,2016-Dec,0
南投縣,民宿,魚池鄉,個別,2016-Jan,6846
南投縣,民宿,魚池鄉,個別,2016-Feb,8805
南投縣,民宿,魚池鄉,個別,2016-Mar,5814
南投縣,民宿,魚池鄉,個別,2016-Apr,6078
南投縣,民宿,魚池鄉,個別,2016-May,5345
南投縣,民宿,魚池鄉,個別,2016-Jun,8320
南投縣,民宿,魚池鄉,個別,2016-Jul,3613
南投縣,民宿,魚池鄉,個別,2016-Aug,3626
南投縣,民宿,魚池鄉,個別,2016-Sep,2778
南投縣,民宿,魚池鄉,個別,2016-Oct,3121
南投縣,民宿,魚池鄉,個別,2016-Nov,2993
南投縣,民宿,魚池鄉,個別,2016-Dec,0
南投縣,民宿,魚池鄉,團體,2016-Jan,185
南投縣,民宿,魚池鄉,團體,2016-Feb,360
南投縣,民宿,魚池鄉,團體,2016-Mar,202
南投縣,民宿,魚池鄉,團體,2016-Apr,217
南投縣,民宿,魚池鄉,團體,2016-May,175
南投縣,民宿,魚池鄉,團體,2016-Jun,284
南投縣,民宿,魚池鄉,團體,2016-Jul,313
南投縣,民宿,魚池鄉,團體,2016-Aug,251
南投縣,民宿,魚池鄉,團體,2016-Sep,154
南投縣,民宿,魚池鄉,團體,2016-Oct,322
南投縣,民宿,魚池鄉,團體,2016-Nov,166
南投縣,民宿,魚池鄉,團體,2016-Dec,0
